date,meantempm,maxtempm,mintempm,meantempm_1,meantempm_2,meantempm_3,meandewptm_1,meandewptm_2,meandewptm_3,meanpressurem_1,meanpressurem_2,meanpressurem_3,maxhumidity_1,maxhumidity_2,maxhumidity_3,minhumidity_1,minhumidity_2,minhumidity_3,maxtempm_1,maxtempm_2,maxtempm_3,mintempm_1,mintempm_2,mintempm_3,maxdewptm_1,maxdewptm_2,maxdewptm_3,mindewptm_1,mindewptm_2,mindewptm_3,maxpressurem_1,maxpressurem_2,maxpressurem_3,minpressurem_1,minpressurem_2,minpressurem_3,precipm_1,precipm_2,precipm_3
04-05-2016,34,41,27,35,36,34,6,4,-1,1006,1005.46,1005.63,27,21,24,5,6,4,41,43,43,29,29,26,12,10,9,-2,-2,-10,1009,1008,1009,1000,1001,999,0,0,0
05-05-2016,31,38,24,34,35,36,7,6,4,1005.65,1006,1005.46,29,27,21,6,5,6,41,41,43,27,29,29,13,12,10,0,-2,-2,1008,1009,1008,1001,1000,1001,0,0,0
06-05-2016,28,34,21,31,34,35,11,7,6,1007.94,1005.65,1006,61,29,27,13,6,5,38,41,41,24,27,29,16,13,12,6,0,-2,1011,1008,1009,1003,1001,1000,5,0,0
07-05-2016,30,38,23,28,31,34,13,11,7,1008.39,1007.94,1005.65,69,61,29,18,13,6,34,38,41,21,24,27,17,16,13,9,6,0,1011,1011,1008,1004,1003,1001,0,5,0
08-05-2016,34,41,26,30,28,31,10,13,11,1007.62,1008.39,1007.94,50,69,61,8,18,13,38,34,38,23,21,24,14,17,16,6,9,6,1010,1011,1011,1002,1004,1003,0,0,5
09-05-2016,34,42,27,34,30,28,8,10,13,1006.73,1007.62,1008.39,32,50,69,7,8,18,41,38,34,26,23,21,12,14,17,6,6,9,1010,1010,1011,1002,1002,1004,0,0,0
10-05-2016,34,41,27,34,34,30,11,8,10,1005.75,1006.73,1007.62,45,32,50,7,7,8,42,41,38,27,26,23,16,12,14,7,6,6,1008,1010,1010,1000,1002,1002,0.3,0,0
11-05-2016,32,40,25,34,34,34,16,11,8,1007.1,1005.75,1006.73,51,45,32,12,7,7,41,42,41,27,27,26,18,16,12,13,7,6,1010,1008,1010,1002,1000,1002,0.8,0.3,0
12-05-2016,34,42,27,32,34,34,16,16,11,1006.78,1007.1,1005.75,66,51,45,16,12,7,40,41,42,25,27,27,22,18,16,10,13,7,1011,1010,1008,1001,1002,1000,2,0.8,0.3
13-05-2016,34,42,26,34,32,34,13,16,16,1003.83,1006.78,1007.1,58,66,51,9,16,12,42,40,41,27,25,27,20,22,18,10,10,13,1007,1011,1010,998,1001,1002,0.3,2,0.8
14-05-2016,35,42,28,34,34,32,11,13,16,1003.56,1003.83,1006.78,40,58,66,9,9,16,42,42,40,26,27,25,16,20,22,7,10,10,1006,1007,1011,998,998,1001,0,0.3,2
15-05-2016,36,44,29,35,34,34,13,11,13,1004.74,1003.56,1003.83,48,40,58,8,9,9,42,42,42,28,26,27,19,16,20,10,7,10,1007,1006,1007,1000,998,998,0,0,0.3
16-05-2016,36,43,28,36,35,34,12,13,11,1005.02,1004.74,1003.56,40,48,40,7,8,9,44,42,42,29,28,26,16,19,16,9,10,7,1008,1007,1006,1001,1000,998,0,0,0
17-05-2016,35,44,26,36,36,35,13,12,13,1003.68,1005.02,1004.74,51,40,48,6,7,8,43,44,42,28,29,28,19,16,19,7,9,10,1006,1008,1007,999,1001,1000,3,0,0
18-05-2016,36,45,27,35,36,36,13,13,12,1001.58,1003.68,1005.02,42,51,40,8,6,7,44,43,44,26,28,29,16,19,16,10,7,9,1010,1006,1008,995,999,1001,0,3,0
19-05-2016,38,46,29,36,35,36,11,13,13,999.88,1001.58,1003.68,45,42,51,5,8,6,45,44,43,27,26,28,17,16,19,6,10,7,1002,1010,1006,994,995,999,0,0,3
20-05-2016,38,46,30,38,36,35,6,11,13,998.96,999.88,1001.58,33,45,42,4,5,8,46,45,44,29,27,26,13,17,16,-2,6,10,1002,1002,1010,994,994,995,0,0,0
21-05-2016,38,45,32,38,38,36,10,6,11,997.92,998.96,999.88,38,33,45,4,4,5,46,46,45,30,29,27,18,13,17,0,-2,6,1001,1002,1002,992,994,994,0,0,0
22-05-2016,38,44,31,38,38,38,12,10,6,998.41,997.92,998.96,30,38,33,6,4,4,45,46,46,32,30,29,17,18,13,3,0,-2,1001,1001,1002,992,992,994,0,0,0
23-05-2016,34,42,25,38,38,38,16,12,10,999.88,998.41,997.92,46,30,38,10,6,4,44,45,46,31,32,30,21,17,18,8,3,0,1003,1001,1001,995,992,992,0,0,0
24-05-2016,32,40,23,34,38,38,18,16,12,1001.13,999.88,998.41,69,46,30,18,10,6,42,44,45,25,31,32,21,21,17,15,8,3,1006,1003,1001,994,995,992,0.5,0,0
25-05-2016,34,40,28,32,34,38,16,18,16,1002.15,1001.13,999.88,74,69,46,14,18,10,40,42,44,23,25,31,20,21,21,12,15,8,1005,1006,1003,996,994,995,0,0.5,0
26-05-2016,34,40,28,34,32,34,17,16,18,1000.02,1002.15,1001.13,51,74,69,16,14,18,40,40,42,28,23,25,20,20,21,15,12,15,1003,1005,1006,994,996,994,0,0,0.5
27-05-2016,36,42,30,34,34,32,16,17,16,1001.7,1000.02,1002.15,46,51,74,14,16,14,40,40,40,28,28,23,19,20,20,13,15,12,1004,1003,1005,997,994,996,0,0,0
28-05-2016,35,40,30,36,34,34,13,16,17,1003.43,1001.7,1000.02,40,46,51,7,14,16,42,40,40,30,28,28,18,19,20,7,13,15,1006,1004,1003,998,997,994,0,0,0
29-05-2016,33,41,25,35,36,34,16,13,16,1003.17,1003.43,1001.7,46,40,46,15,7,14,40,42,40,30,30,28,20,18,19,13,7,13,1009,1006,1004,997,998,997,0,0,0
30-05-2016,32,37,26,33,35,36,16,16,13,1002.18,1003.17,1003.43,48,46,40,16,15,7,41,40,42,25,30,30,18,20,18,13,13,7,1005,1009,1006,996,997,998,0,0,0
31-05-2016,34,41,28,32,33,35,17,16,16,1003.67,1002.18,1003.17,58,48,46,21,16,15,37,41,40,26,25,30,20,18,20,8,13,13,1007,1005,1009,999,996,997,0,0,0
01-06-2016,35,42,28,34,32,33,16,17,16,1005.08,1003.67,1002.18,52,58,48,12,21,16,41,37,41,28,26,25,20,20,18,10,8,13,1008,1007,1005,999,999,996,0,0,0
02-06-2016,36,42,30,35,34,32,13,16,17,1005.44,1005.08,1003.67,42,52,58,10,12,21,42,41,37,28,28,26,18,20,20,8,10,8,1009,1008,1007,999,999,999,0,0,0
03-06-2016,38,43,32,36,35,34,13,13,16,1004.8,1005.44,1005.08,38,42,52,10,10,12,42,42,41,30,28,28,18,18,20,9,8,10,1009,1009,1008,999,999,999,0,0,0
04-06-2016,38,44,31,38,36,35,13,13,13,1004.93,1004.8,1005.44,34,38,42,10,10,10,43,42,42,32,30,28,18,18,18,7,9,8,1008,1009,1009,999,999,999,0,0,0
05-06-2016,38,45,31,38,38,36,5,13,13,1004.67,1004.93,1004.8,27,34,38,4,10,10,44,43,42,31,32,30,18,18,18,2,7,9,1007,1008,1009,999,999,999,0,0,0
06-06-2016,36,44,27,38,38,38,6,5,13,1003.88,1004.67,1004.93,27,27,34,4,4,10,45,44,43,31,31,32,16,18,18,0,2,7,1007,1007,1008,998,999,999,0,0,0
07-06-2016,38,45,30,36,38,38,13,6,5,1003.29,1003.88,1004.67,51,27,27,5,4,4,44,45,44,27,31,31,21,16,18,5,0,2,1007,1007,1007,997,998,999,0,0,0
08-06-2016,38,44,31,38,36,38,12,13,6,1002.83,1003.29,1003.88,47,51,27,4,5,4,45,44,45,30,27,31,22,21,16,2,5,0,1006,1007,1007,996,997,998,0,0,0
09-06-2016,36,44,29,38,38,36,12,12,13,1001.24,1002.83,1003.29,43,47,51,7,4,5,44,45,44,31,30,27,19,22,21,8,2,5,1004,1006,1007,994,996,997,0,0,0
10-06-2016,37,43,31,36,38,38,12,12,12,1000.57,1001.24,1002.83,34,43,47,6,7,4,44,44,45,29,31,30,17,19,22,6,8,2,1003,1004,1006,994,994,996,0,0,0
11-06-2016,34,41,27,37,36,38,15,12,12,1000.6,1000.57,1001.24,41,34,43,11,6,7,43,44,44,31,29,31,21,17,19,12,6,8,1003,1003,1004,994,994,994,0,0,0
12-06-2016,34,41,27,34,37,36,18,15,12,1001.62,1000.6,1000.57,62,41,34,16,11,6,41,43,44,27,31,29,22,21,17,13,12,6,1004,1003,1003,994,994,994,0,0,0
13-06-2016,35,40,30,34,34,37,18,18,15,1001.2,1001.62,1000.6,58,62,41,23,16,11,41,41,43,27,27,31,21,22,21,15,13,12,1004,1004,1003,996,994,994,0,0,0
14-06-2016,34,39,29,35,34,34,19,18,18,1001.42,1001.2,1001.62,58,58,62,17,23,16,40,41,41,30,27,27,26,21,22,14,15,13,1004,1004,1004,995,996,994,0,0,0
15-06-2016,34,39,30,34,35,34,18,19,18,1000.63,1001.42,1001.2,49,58,58,18,17,23,39,40,41,29,30,27,24,26,21,16,14,15,1004,1004,1004,994,995,996,0,0,0
16-06-2016,35,40,30,34,34,35,18,18,19,998.76,1000.63,1001.42,52,49,58,16,18,17,39,39,40,30,29,30,22,24,26,15,16,14,1002,1004,1004,993,994,995,0,0,0
17-06-2016,36,42,31,35,34,34,17,18,18,999.57,998.76,1000.63,46,52,49,21,16,18,40,39,39,30,30,29,20,22,24,13,15,16,1003,1002,1004,994,993,994,0,0,0
18-06-2016,36,42,30,36,35,34,17,17,18,1000.55,999.57,998.76,41,46,52,15,21,16,42,40,39,31,30,30,21,20,22,13,13,15,1003,1003,1002,994,994,993,0,0,0
19-06-2016,35,41,29,36,36,35,19,17,17,1001.7,1000.55,999.57,46,41,46,15,15,21,42,42,40,30,31,30,22,21,20,15,13,13,1004,1003,1003,995,994,994,0,0,0
20-06-2016,35,41,29,35,36,36,20,19,17,1002.2,1001.7,1000.55,52,46,41,17,15,15,41,42,42,29,30,31,23,22,21,16,15,13,1005,1004,1003,996,995,994,0,0,0
21-06-2016,34,40,27,35,35,36,21,20,19,1001.2,1002.2,1001.7,66,52,46,21,17,15,41,41,42,29,29,30,23,23,22,17,16,15,1004,1005,1004,994,996,995,0,0,0
22-06-2016,32,37,27,34,35,35,22,21,20,1001.45,1001.2,1002.2,89,66,52,27,21,17,40,41,41,27,29,29,25,23,23,20,17,16,1003,1004,1005,999,994,996,3,0,0
23-06-2016,34,40,27,32,34,35,23,22,21,1003,1001.45,1001.2,84,89,66,31,27,21,37,40,41,27,27,29,25,25,23,20,20,17,1006,1003,1004,998,999,994,0,3,0
24-06-2016,34,40,28,34,32,34,23,23,22,1002.88,1003,1001.45,79,84,89,27,31,27,40,37,40,27,27,27,25,25,25,19,20,20,1007,1006,1003,996,998,999,0,0,3
25-06-2016,34,40,29,34,34,32,21,23,23,1001.19,1002.88,1003,62,79,84,24,27,31,40,40,37,28,27,27,23,25,25,18,19,20,1004,1007,1006,995,996,998,0,0,0
26-06-2016,34,39,29,34,34,34,21,21,23,1002.21,1001.19,1002.88,62,62,79,24,24,27,40,40,40,29,28,27,23,23,25,20,18,19,1005,1004,1007,998,995,996,2,0,0
27-06-2016,34,39,29,34,34,34,21,21,21,1001.93,1002.21,1001.19,66,62,62,30,24,24,39,40,40,29,29,28,25,23,23,18,20,18,1005,1005,1004,995,998,995,0.2,2,0
28-06-2016,30,35,25,34,34,34,23,21,21,1001.27,1001.93,1002.21,84,66,62,35,30,24,39,39,40,29,29,29,26,25,23,21,18,20,1003,1005,1005,997,995,998,4,0.2,2
29-06-2016,32,39,26,30,34,34,25,23,21,1002.41,1001.27,1001.93,94,84,66,45,35,30,35,39,39,25,29,29,26,26,25,23,21,18,1005,1003,1005,998,997,995,0,4,0.2
30-06-2016,36,42,30,32,30,34,24,25,23,1002.48,1002.41,1001.27,84,94,84,32,45,35,39,35,39,26,25,29,26,26,26,21,23,21,1005,1005,1003,996,998,997,0,0,4
01-07-2016,28,33,24,36,32,30,23,24,25,1000.22,1002.48,1002.41,62,84,94,22,32,45,42,39,35,30,26,25,26,26,26,19,21,23,1003,1005,1005,994,996,998,0,0,0
02-07-2016,26,31,22,28,36,32,25,23,24,999.43,1000.22,1002.48,100,62,84,55,22,32,33,42,39,24,30,26,27,26,26,23,19,21,1003,1003,1005,994,994,996,6,0,0
03-07-2016,28,31,24,26,28,36,25,25,23,999.87,999.43,1000.22,100,100,62,66,55,22,31,33,42,22,24,30,26,27,26,23,23,19,1001,1003,1003,997,994,994,0,6,0
04-07-2016,30,36,25,28,26,28,25,25,25,1000.04,999.87,999.43,100,100,100,60,66,55,31,31,33,24,22,24,26,26,27,24,23,23,1007,1001,1003,996,997,994,0,0,6
05-07-2016,32,37,27,30,28,26,23,25,25,999.3,1000.04,999.87,94,100,100,36,60,66,36,31,31,25,24,22,26,26,26,21,24,23,1001,1007,1001,994,996,997,0,0,0
06-07-2016,34,38,29,32,30,28,24,23,25,998.43,999.3,1000.04,82,94,100,36,36,60,37,36,31,27,25,24,26,26,26,22,21,24,1001,1001,1007,993,994,996,0,0,0
07-07-2016,33,38,28,34,32,30,23,24,23,998.86,998.43,999.3,70,82,94,33,36,36,38,37,36,29,27,25,26,26,26,22,22,21,1002,1001,1001,994,993,994,0,0,0
08-07-2016,33,38,28,33,34,32,22,23,24,999.96,998.86,998.43,73,70,82,31,33,36,38,38,37,28,29,27,26,26,26,21,22,22,1002,1002,1001,995,994,993,0,0,0
09-07-2016,32,38,26,33,33,34,23,22,23,999.45,999.96,998.86,76,73,70,40,31,33,38,38,38,28,28,29,25,26,26,21,21,22,1002,1002,1002,994,995,994,0,0,0
10-07-2016,31,37,25,32,33,33,24,23,22,998.33,999.45,999.96,89,76,73,35,40,31,38,38,38,26,28,28,25,25,26,22,21,21,1000,1002,1002,994,994,995,0.7,0,0
11-07-2016,29,35,23,31,32,33,24,24,23,998.09,998.33,999.45,94,89,76,37,35,40,37,38,38,25,26,28,26,25,25,21,22,21,1000,1000,1002,993,994,994,16,0.7,0
12-07-2016,28,31,26,29,31,32,24,24,24,999.24,998.09,998.33,89,94,89,40,37,35,35,37,38,23,25,26,25,26,25,22,21,22,1001,1000,1000,995,993,994,0.2,16,0.7
13-07-2016,30,34,26,28,29,31,25,24,24,1000.34,999.24,998.09,94,89,94,66,40,37,31,35,37,26,23,25,27,25,26,23,22,21,1003,1001,1000,996,995,993,5,0.2,16
14-07-2016,30,33,26,30,28,29,26,25,24,1000.26,1000.34,999.24,89,94,89,56,66,40,34,31,35,26,26,23,26,27,25,24,23,22,1002,1003,1001,996,996,995,0,5,0.2
15-07-2016,26,28,25,30,30,28,26,26,25,1000.84,1000.26,1000.34,91,89,94,60,56,66,33,34,31,26,26,26,26,26,27,25,24,23,1003,1002,1003,997,996,996,0.6,0,5
16-07-2016,26,28,24,26,30,30,26,26,26,1001.66,1000.84,1000.26,100,91,89,51,60,56,28,33,34,25,26,26,27,26,26,15,25,24,1003,1003,1002,999,997,996,23,0.6,0
17-07-2016,27,31,23,26,26,30,26,26,26,1002.31,1001.66,1000.84,100,100,91,82,51,60,28,28,33,24,25,26,27,27,26,24,15,25,1005,1003,1003,998,999,997,51,23,0.6
18-07-2016,28,34,23,27,26,26,25,26,26,1003.93,1002.31,1001.66,100,100,100,69,82,51,31,28,28,23,24,25,26,27,27,23,24,15,1006,1005,1003,1001,998,999,0,51,23
19-07-2016,30,35,25,28,27,26,25,25,26,1003.69,1003.93,1002.31,100,100,100,49,69,82,34,31,28,23,23,24,26,26,27,23,23,24,1006,1006,1005,999,1001,998,0,0,51
20-07-2016,30,36,25,30,28,27,24,25,25,1003.27,1003.69,1003.93,84,100,100,42,49,69,35,34,31,25,23,23,25,26,26,23,23,23,1006,1006,1006,999,999,1001,0,0,0
21-07-2016,32,37,26,30,30,28,23,24,25,1003.05,1003.27,1003.69,84,84,100,36,42,49,36,35,34,25,25,23,24,25,26,21,23,23,1006,1006,1006,998,999,999,0,0,0
22-07-2016,32,36,27,32,30,30,22,23,24,1002.77,1003.05,1003.27,74,84,84,34,36,42,37,36,35,26,25,25,23,24,25,20,21,23,1005,1006,1006,997,998,999,0,0,0
23-07-2016,32,36,27,32,32,30,22,22,23,1001.84,1002.77,1003.05,74,74,84,34,34,36,36,37,36,27,26,25,23,23,24,21,20,21,1004,1005,1006,997,997,998,0,0,0
24-07-2016,30,34,27,32,32,32,23,22,22,1002.64,1001.84,1002.77,74,74,74,39,34,34,36,36,37,27,27,26,24,23,23,20,21,20,1005,1004,1005,999,997,997,0,0,0
25-07-2016,30,35,26,30,32,32,24,23,22,1004.37,1002.64,1001.84,89,74,74,52,39,34,34,36,36,27,27,27,26,24,23,22,20,21,1006,1005,1004,1000,999,997,0,0,0
26-07-2016,30,35,26,30,30,32,24,24,23,1004.21,1004.37,1002.64,89,89,74,43,52,39,35,34,36,26,27,27,25,26,24,22,22,20,1006,1006,1005,1001,1000,999,0,0,0
27-07-2016,27,30,24,30,30,30,24,24,24,1004.4,1004.21,1004.37,89,89,89,50,43,52,35,35,34,26,26,27,25,25,26,23,22,22,1007,1006,1006,1000,1001,1000,0,0,0
28-07-2016,28,32,24,27,30,30,25,24,24,1005.23,1004.4,1004.21,94,89,89,69,50,43,30,35,35,24,26,26,27,25,25,23,23,22,1007,1007,1006,1002,1000,1001,6,0,0
29-07-2016,27,31,23,28,27,30,25,25,24,1003.98,1005.23,1004.4,100,94,89,66,69,50,32,30,35,24,24,26,26,27,25,24,23,23,1006,1007,1007,1001,1002,1000,36,6,0
30-07-2016,28,32,23,27,28,27,25,25,25,1002.77,1003.98,1005.23,100,100,94,66,66,69,31,32,30,23,24,24,27,26,27,24,24,23,1005,1006,1007,999,1001,1002,21,36,6
31-07-2016,28,33,24,28,27,28,25,25,25,1002.82,1002.77,1003.98,100,100,100,59,66,66,32,31,32,23,23,24,26,27,26,25,24,24,1005,1005,1006,999,999,1001,9,21,36
01-08-2016,28,32,24,28,28,27,26,25,25,1002.3,1002.82,1002.77,100,100,100,55,59,66,33,32,31,24,23,23,26,26,27,24,25,24,1005,1005,1005,999,999,999,0,9,21
02-08-2016,26,27,24,28,28,28,25,26,25,1000.5,1002.3,1002.82,94,100,100,68,55,59,32,33,32,24,24,23,26,26,26,24,24,25,1003,1005,1005,997,999,999,9,0,9
03-08-2016,28,32,23,26,28,28,25,25,26,998.93,1000.5,1002.3,100,94,100,84,68,55,27,32,33,24,24,24,27,26,26,24,24,24,1001,1003,1005,995,997,999,35,9,0
04-08-2016,27,30,24,28,26,28,25,25,25,999.11,998.93,1000.5,100,100,94,57,84,68,32,27,32,23,24,24,28,27,26,24,24,24,1002,1001,1003,995,995,997,16,35,9
05-08-2016,28,32,24,27,28,26,26,25,25,999.88,999.11,998.93,100,100,100,74,57,84,30,32,27,24,23,24,27,28,27,25,24,24,1002,1002,1001,996,995,995,15,16,35
06-08-2016,30,33,26,28,27,28,26,26,25,1000.86,999.88,999.11,94,100,100,65,74,57,32,30,32,24,24,23,27,27,28,25,25,24,1003,1002,1002,996,996,995,0,15,16
07-08-2016,29,33,25,30,28,27,26,26,26,1000.87,1000.86,999.88,89,94,100,38,65,74,33,32,30,26,24,24,27,27,27,16,25,25,1003,1003,1002,997,996,996,0,0,15
08-08-2016,28,31,25,29,30,28,26,26,26,1001.42,1000.87,1000.86,94,89,94,56,38,65,33,33,32,25,26,24,27,27,27,25,16,25,1004,1003,1003,997,997,996,0,0,0
09-08-2016,28,32,24,28,29,30,26,26,26,1001.07,1001.42,1000.87,100,94,89,66,56,38,31,33,33,25,25,26,27,27,27,25,25,16,1003,1004,1003,997,997,997,23,0,0
10-08-2016,26,29,24,28,28,29,26,26,26,999.4,1001.07,1001.42,96,100,94,65,66,56,32,31,33,24,25,25,27,27,27,25,25,25,1002,1003,1004,995,997,997,2,23,0
11-08-2016,25,27,23,26,28,28,25,26,26,1000.64,999.4,1001.07,100,96,100,28,65,66,29,32,31,24,24,25,26,27,27,6,25,25,1003,1002,1003,998,995,997,26,2,23
12-08-2016,26,31,22,25,26,28,25,25,26,1003.11,1000.64,999.4,100,100,96,88,28,65,27,29,32,23,24,24,26,26,27,24,6,25,1006,1003,1002,1000,998,995,5,26,2
13-08-2016,28,32,24,26,25,26,25,25,25,1004.53,1003.11,1000.64,100,100,100,63,88,28,31,27,29,22,23,24,26,26,26,23,24,6,1010,1006,1003,1001,1000,998,0,5,26
14-08-2016,28,32,23,28,26,25,25,25,25,1003.62,1004.53,1003.11,100,100,100,63,63,88,32,31,27,24,22,23,26,26,26,24,23,24,1006,1010,1006,1000,1001,1000,0,0,5
15-08-2016,28,32,24,28,28,26,25,25,25,1003.22,1003.62,1004.53,100,100,100,60,63,63,32,32,31,23,24,22,25,26,26,24,24,23,1005,1006,1010,999,1000,1001,0,0,0
16-08-2016,27,32,22,28,28,28,23,25,25,1002.53,1003.22,1003.62,89,100,100,47,60,63,32,32,32,24,23,24,25,25,26,22,24,24,1004,1005,1006,999,999,1000,0,0,0
17-08-2016,28,32,23,27,28,28,23,23,25,1000.88,1002.53,1003.22,94,89,100,44,47,60,32,32,32,22,24,23,24,25,25,21,22,24,1003,1004,1005,997,999,999,0,0,0
18-08-2016,26,30,23,28,27,28,23,23,23,1001.42,1000.88,1002.53,89,94,89,54,44,47,32,32,32,23,22,24,25,24,25,22,21,22,1004,1003,1004,997,997,999,2,0,0
19-08-2016,28,32,24,26,28,27,24,23,23,1002.27,1001.42,1000.88,94,89,94,69,54,44,30,32,32,23,23,22,25,25,24,22,22,21,1005,1004,1003,999,997,997,2,2,0
20-08-2016,28,30,25,28,26,28,25,24,23,1001.45,1002.27,1001.42,89,94,89,63,69,54,32,30,32,24,23,23,26,25,25,23,22,22,1004,1005,1004,997,999,997,0.2,2,2
21-08-2016,24,25,22,28,28,26,24,25,24,1000.19,1001.45,1002.27,94,89,94,58,63,69,30,32,30,25,24,23,26,26,25,23,23,22,1002,1004,1005,996,997,999,0.1,0.2,2
22-08-2016,26,29,22,24,28,28,23,24,25,1001.04,1000.19,1001.45,100,94,89,78,58,63,25,30,32,22,25,24,24,26,26,22,23,23,1003,1002,1004,998,996,997,0.8,0.1,0.2
23-08-2016,26,29,24,26,24,28,25,23,24,1003.27,1001.04,1000.19,100,100,94,70,78,58,29,25,30,22,22,25,26,24,26,24,22,23,1005,1003,1002,1000,998,996,0.3,0.8,0.1
24-08-2016,26,28,23,26,26,24,25,25,23,1004.14,1003.27,1001.04,100,100,100,61,70,78,29,29,25,24,22,22,26,26,24,23,24,22,1013,1005,1003,1000,1000,998,7,0.3,0.8
25-08-2016,27,31,23,26,26,26,25,25,25,1002.41,1004.14,1003.27,100,100,100,81,61,70,28,29,29,23,24,22,26,26,26,24,23,24,1005,1013,1005,999,1000,1000,14,7,0.3
26-08-2016,31,39,23,27,26,26,25,25,25,1005.87,1002.41,1004.14,100,100,100,60,81,61,31,28,29,23,23,24,26,26,26,23,24,23,1008,1005,1013,1002,999,1000,0,14,7
27-08-2016,28,32,25,31,27,26,24,25,25,1006.63,1005.87,1002.41,94,100,100,36,60,81,39,31,28,23,23,23,26,26,26,23,23,24,1009,1008,1005,1003,1002,999,0,0,14
28-08-2016,26,30,21,28,31,27,25,24,25,1007.15,1006.63,1005.87,94,94,100,57,36,60,32,39,31,25,23,23,27,26,26,23,23,23,1010,1009,1008,1003,1003,1002,0,0,0
29-08-2016,28,33,23,26,28,31,25,25,24,1007.44,1007.15,1006.63,100,94,94,70,57,36,30,32,39,21,25,23,27,27,26,23,23,23,1010,1010,1009,1003,1003,1003,18,0,0
30-08-2016,28,33,24,28,26,28,25,25,25,1005.08,1007.44,1007.15,100,100,94,57,70,57,33,30,32,23,21,25,26,27,27,24,23,23,1007,1010,1010,1000,1003,1003,0,18,0
31-08-2016,30,34,25,28,28,26,25,25,25,1003.73,1005.08,1007.44,100,100,100,70,57,70,33,33,30,24,23,21,27,26,27,24,24,23,1006,1007,1010,1000,1000,1003,4,0,18
01-09-2016,26,30,23,30,28,28,25,25,25,1003.96,1003.73,1005.08,100,100,100,55,70,57,34,33,33,25,24,23,27,27,26,22,24,24,1006,1006,1007,999,1000,1000,8,4,0
02-09-2016,28,33,24,26,30,28,24,25,25,1004.58,1003.96,1003.73,100,100,100,73,55,70,30,34,33,23,25,24,26,27,27,22,22,24,1007,1006,1006,1001,999,1000,0.8,8,4
03-09-2016,28,33,23,28,26,30,24,24,25,1003.95,1004.58,1003.96,97,100,100,40,73,55,33,30,34,24,23,25,25,26,27,20,22,22,1006,1007,1006,1000,1001,999,0,0.8,8
04-09-2016,27,32,22,28,28,26,23,24,24,1004,1003.95,1004.58,94,97,100,50,40,73,33,33,30,23,24,23,25,25,26,21,20,22,1006,1006,1007,1000,1000,1001,0,0,0.8
05-09-2016,28,32,23,27,28,28,22,23,24,1006.34,1004,1003.95,89,94,97,29,50,40,32,33,33,22,23,24,23,25,25,16,21,20,1009,1006,1006,1003,1000,1000,0,0,0
06-09-2016,28,32,23,28,27,28,21,22,23,1007,1006.34,1004,89,89,94,45,29,50,32,32,33,23,22,23,22,23,25,20,16,21,1009,1009,1006,1003,1003,1000,0,0,0
07-09-2016,28,33,23,28,28,27,21,21,22,1007.47,1007,1006.34,83,89,89,42,45,29,32,32,32,23,23,22,22,22,23,19,20,16,1010,1009,1009,1004,1003,1003,0,0,0
08-09-2016,29,34,24,28,28,28,21,21,21,1006.89,1007.47,1007,83,83,89,41,42,45,33,32,32,23,23,23,22,22,22,20,19,20,1009,1010,1009,1003,1004,1003,0,0,0
09-09-2016,28,34,23,29,28,28,21,21,21,1007.97,1006.89,1007.47,83,83,83,41,41,42,34,33,32,24,23,23,22,22,22,21,20,19,1010,1009,1010,1005,1003,1004,0,0,0
10-09-2016,28,34,23,28,29,28,20,21,21,1009.06,1007.97,1006.89,74,83,83,35,41,41,34,34,33,23,24,23,22,22,22,18,21,20,1012,1010,1009,1004,1005,1003,0,0,0
11-09-2016,29,34,24,28,28,29,20,20,21,1008.09,1009.06,1007.97,78,74,83,38,35,41,34,34,34,23,23,24,21,22,22,19,18,21,1011,1012,1010,1004,1004,1005,0,0,0
12-09-2016,28,34,22,29,28,28,20,20,20,1007.07,1008.09,1009.06,74,78,74,37,38,35,34,34,34,24,23,23,21,21,22,19,19,18,1009,1011,1012,1003,1004,1004,0,0,0
13-09-2016,30,35,25,28,29,28,20,20,20,1007.23,1007.07,1008.09,79,74,78,33,37,38,34,34,34,22,24,23,21,21,21,18,19,19,1009,1009,1011,1003,1003,1004,0,0,0
14-09-2016,28,34,23,30,28,29,20,20,20,1008.54,1007.23,1007.07,69,79,74,31,33,37,35,34,34,25,22,24,22,21,21,19,18,19,1011,1009,1009,1004,1003,1003,0,0,0
15-09-2016,30,35,24,28,30,28,21,20,20,1008.51,1008.54,1007.23,82,69,79,38,31,33,34,35,34,23,25,22,23,22,21,19,19,18,1011,1011,1009,1004,1004,1003,0,0,0
16-09-2016,30,36,24,30,28,30,21,21,20,1007.28,1008.51,1008.54,78,82,69,32,38,31,35,34,35,24,23,25,24,23,22,18,19,19,1010,1011,1011,1002,1004,1004,0,0,0
17-09-2016,30,37,22,30,30,28,19,21,21,1006.26,1007.28,1008.51,70,78,82,22,32,38,36,35,34,24,24,23,23,24,23,16,18,19,1010,1010,1011,1001,1002,1004,0,0,0
18-09-2016,30,36,23,30,30,30,19,19,21,1005.32,1006.26,1007.28,73,70,78,20,22,32,37,36,35,22,24,24,22,23,24,14,16,18,1008,1010,1010,1000,1001,1002,0,0,0
19-09-2016,30,37,24,30,30,30,20,19,19,1006.23,1005.32,1006.26,78,73,70,23,20,22,36,37,36,23,22,24,23,22,23,17,14,16,1009,1008,1010,1002,1000,1001,0,0,0
20-09-2016,32,37,26,30,30,30,20,20,19,1005.76,1006.23,1005.32,78,78,73,24,23,20,37,36,37,24,23,22,23,23,22,16,17,14,1008,1009,1008,1001,1002,1000,0,0,0
21-09-2016,32,38,26,32,30,30,20,20,20,1004.84,1005.76,1006.23,79,78,78,17,24,23,37,37,36,26,24,23,24,23,23,10,16,17,1007,1008,1009,999,1001,1002,0,0,0
22-09-2016,30,36,24,32,32,30,20,20,20,1006.52,1004.84,1005.76,66,79,78,20,17,24,38,37,37,26,26,24,23,24,23,16,10,16,1009,1007,1008,1001,999,1001,0,0,0
23-09-2016,28,34,22,30,32,32,22,20,20,1008.43,1006.52,1004.84,78,66,79,33,20,17,36,38,37,24,26,26,24,23,24,18,16,10,1011,1009,1007,1001,1001,999,0,0,0
24-09-2016,26,34,19,28,30,32,21,22,20,1006.43,1008.43,1006.52,83,78,66,36,33,20,34,36,38,22,24,26,23,24,23,18,18,16,1009,1011,1009,1001,1001,1001,57,0,0
25-09-2016,28,33,22,26,28,30,21,21,22,1005.24,1006.43,1008.43,94,83,78,46,36,33,34,34,36,19,22,24,25,23,24,17,18,18,1008,1009,1011,1001,1001,1001,0,57,0
26-09-2016,28,34,22,28,26,28,22,21,21,1006.38,1005.24,1006.43,89,94,83,38,46,36,33,34,34,22,19,22,23,25,23,18,17,18,1009,1008,1009,1002,1001,1001,0,0,57
27-09-2016,30,36,23,28,28,26,21,22,21,1007.69,1006.38,1005.24,83,89,94,34,38,46,34,33,34,22,22,19,23,23,25,19,18,17,1010,1009,1008,1004,1002,1001,0,0,0
28-09-2016,30,36,25,30,28,28,20,21,22,1008.02,1007.69,1006.38,83,83,89,25,34,38,36,34,33,23,22,22,23,23,23,16,19,18,1011,1010,1009,1003,1004,1002,0,0,0
29-09-2016,30,36,24,30,30,28,18,20,21,1006.98,1008.02,1007.69,74,83,83,22,25,34,36,36,34,25,23,22,22,23,23,14,16,19,1010,1011,1010,1002,1003,1004,0,0,0
30-09-2016,30,35,24,30,30,30,18,18,20,1006.79,1006.98,1008.02,66,74,83,17,22,25,36,36,36,24,25,23,21,22,23,7,14,16,1009,1010,1011,1002,1002,1003,0,0,0
01-10-2016,30,35,25,30,30,30,20,18,18,1007.09,1006.79,1006.98,78,66,74,4,17,22,35,36,36,24,24,25,22,21,22,-22,7,14,1009,1009,1010,1002,1002,1002,0,0,0
02-10-2016,31,36,26,30,30,30,22,20,18,1008.35,1007.09,1006.79,74,78,66,34,4,17,35,35,36,25,24,24,23,22,21,21,-22,7,1011,1009,1009,1004,1002,1002,0,0,0
03-10-2016,31,36,26,31,30,30,23,22,20,1010,1008.35,1007.09,79,74,78,42,34,4,36,35,35,26,25,24,24,23,22,21,21,-22,1013,1011,1009,1005,1004,1002,0,0,0
04-10-2016,30,36,25,31,31,30,23,23,22,1008.69,1010,1008.35,84,79,74,35,42,34,36,36,35,26,26,25,26,24,23,21,21,21,1012,1013,1011,1003,1005,1004,2,0,0
05-10-2016,27,31,23,30,31,31,22,23,23,1006.96,1008.69,1010,83,84,79,32,35,42,36,36,36,25,26,26,24,26,24,20,21,21,1009,1012,1013,1002,1003,1005,0,2,0
06-10-2016,26,31,22,27,30,31,23,22,23,1006.93,1006.96,1008.69,100,83,84,47,32,35,31,36,36,23,25,26,24,24,26,21,20,21,1009,1009,1012,1000,1002,1003,13,0,2
07-10-2016,28,34,22,26,27,30,24,23,22,1008.74,1006.93,1006.96,100,100,83,58,47,32,31,31,36,22,23,25,25,24,24,21,21,20,1011,1009,1009,1006,1000,1002,0.9,13,0
08-10-2016,28,35,22,28,26,27,23,24,23,1009.2,1008.74,1006.93,100,100,100,40,58,47,34,31,31,22,22,23,26,25,24,20,21,21,1012,1011,1009,1003,1006,1000,0,0.9,13
09-10-2016,30,35,24,28,28,26,20,23,24,1008.78,1009.2,1008.74,94,100,100,21,40,58,35,34,31,22,22,22,25,26,25,14,20,21,1012,1012,1011,1004,1003,1006,0,0,0.9
10-10-2016,28,34,22,30,28,28,17,20,23,1007.68,1008.78,1009.2,74,94,100,21,21,40,35,35,34,24,22,22,22,25,26,9,14,20,1011,1012,1012,1003,1004,1003,0,0,0
11-10-2016,28,35,21,28,30,28,16,17,20,1008.31,1007.68,1008.78,69,74,94,27,21,21,34,35,35,22,24,22,20,22,25,10,9,14,1011,1011,1012,1004,1003,1004,0,0,0
12-10-2016,28,34,22,28,28,30,14,16,17,1008.88,1008.31,1007.68,73,69,74,13,27,21,35,34,35,21,22,24,20,20,22,6,10,9,1011,1011,1011,1005,1004,1003,0,0,0
13-10-2016,28,34,22,28,28,28,11,14,16,1008.9,1008.88,1008.31,57,73,69,11,13,27,34,35,34,22,21,22,17,20,20,5,6,10,1011,1011,1011,1005,1005,1004,0,0,0
14-10-2016,28,34,23,28,28,28,13,11,14,1010.86,1008.9,1008.88,57,57,73,18,11,13,34,34,35,22,22,21,17,17,20,8,5,6,1014,1011,1011,1007,1005,1005,0,0,0
15-10-2016,28,35,20,28,28,28,12,13,11,1011.36,1010.86,1008.9,48,57,57,15,18,11,34,34,34,23,22,22,15,17,17,9,8,5,1014,1014,1011,1000,1007,1005,0,0,0
16-10-2016,27,35,19,28,28,28,9,12,13,1012.19,1011.36,1010.86,61,48,57,6,15,18,35,34,34,20,23,22,15,15,17,1,9,8,1015,1014,1014,1008,1000,1007,0,0,0
17-10-2016,26,34,19,27,28,28,10,9,12,1013.15,1012.19,1011.36,62,61,48,12,6,15,35,35,34,19,20,23,16,15,15,6,1,9,1016,1015,1014,1001,1008,1000,0,0,0
18-10-2016,26,35,18,26,27,28,10,10,9,1012.3,1013.15,1012.19,57,62,61,11,12,6,34,35,35,19,19,20,16,16,15,6,6,1,1015,1016,1015,1008,1001,1008,0,0,0
19-10-2016,28,35,20,26,26,27,7,10,10,1011.33,1012.3,1013.15,57,57,62,8,11,12,35,34,35,18,19,19,14,16,16,4,6,6,1014,1015,1016,1007,1008,1001,0,0,0
20-10-2016,28,34,22,28,26,26,8,7,10,1010.4,1011.33,1012.3,49,57,57,10,8,11,35,35,34,20,18,19,11,14,16,5,4,6,1013,1014,1015,1006,1007,1008,0,0,0
21-10-2016,28,34,21,28,28,26,8,8,7,1009.43,1010.4,1011.33,38,49,57,10,10,8,34,35,35,22,20,18,9,11,14,6,5,4,1012,1013,1014,1006,1006,1007,0,0,0
22-10-2016,28,34,21,28,28,28,9,8,8,1010.65,1009.43,1010.4,47,38,49,12,10,10,34,34,35,21,22,20,12,9,11,5,6,5,1013,1012,1013,1007,1006,1006,0,0,0
23-10-2016,28,34,21,28,28,28,10,9,8,1011.64,1010.65,1009.43,47,47,38,15,12,10,34,34,34,21,21,22,15,12,9,8,5,6,1015,1013,1012,1008,1007,1006,0,0,0
24-10-2016,27,33,21,28,28,28,10,10,9,1011.44,1011.64,1010.65,53,47,47,14,15,12,34,34,34,21,21,21,13,15,12,7,8,5,1014,1015,1013,1007,1008,1007,0,0,0
25-10-2016,27,33,21,27,28,28,11,10,10,1010.78,1011.44,1011.64,47,53,47,14,14,15,33,34,34,21,21,21,13,13,15,9,7,8,1014,1014,1015,1007,1007,1008,0,0,0
26-10-2016,28,34,21,27,27,28,11,11,10,1010.9,1010.78,1011.44,50,47,53,18,14,14,33,33,34,21,21,21,13,13,13,9,9,7,1014,1014,1014,1002,1007,1007,0,0,0
27-10-2016,26,34,17,28,27,27,10,11,11,1013.2,1010.9,1010.78,53,50,47,13,18,14,34,33,33,21,21,21,16,13,13,5,9,9,1016,1014,1014,1009,1002,1007,0,0,0
28-10-2016,24,33,16,26,28,27,4,10,11,1015.66,1013.2,1010.9,43,53,50,6,13,18,34,34,33,17,21,21,11,16,13,-3,5,9,1019,1016,1014,1002,1009,1002,0,0,0
29-10-2016,24,34,15,24,26,28,5,4,10,1014.43,1015.66,1013.2,50,43,53,5,6,13,33,34,34,16,17,21,15,11,16,-4,-3,5,1017,1019,1016,1010,1002,1009,0,0,0
30-10-2016,24,34,15,24,24,26,5,5,4,1013.59,1014.43,1015.66,77,50,43,6,5,6,34,33,34,15,16,17,13,15,11,-1,-4,-3,1016,1017,1019,1010,1010,1002,0,0,0
31-10-2016,24,32,15,24,24,24,5,5,5,1015.54,1013.59,1014.43,50,77,50,6,6,5,34,34,33,15,15,16,11,13,15,-1,-1,-4,1018,1016,1017,1012,1010,1010,0,0,0
01-11-2016,24,31,17,24,24,24,7,5,5,1017.94,1015.54,1013.59,49,50,77,16,6,6,32,34,34,15,15,15,11,11,13,3,-1,-1,1021,1018,1016,1002,1012,1010,0,0,0
02-11-2016,22,30,14,24,24,24,8,7,5,1017.56,1017.94,1015.54,63,49,50,13,16,6,31,32,34,17,15,15,13,11,11,3,3,-1,1020,1021,1018,1014,1002,1012,0,0,0
03-11-2016,22,30,14,22,24,24,9,8,7,1017.16,1017.56,1017.94,59,63,49,17,13,16,30,31,32,14,17,15,12,13,11,5,3,3,1020,1020,1021,1014,1014,1002,0,0,0
04-11-2016,23,31,15,22,22,24,10,9,8,1017.35,1017.16,1017.56,72,59,63,14,17,13,30,30,31,14,14,17,14,12,13,7,5,3,1020,1020,1020,1014,1014,1014,0,0,0
05-11-2016,22,31,14,23,22,22,9,10,9,1014.39,1017.35,1017.16,64,72,59,14,14,17,31,30,30,15,14,14,14,14,12,6,7,5,1017,1020,1020,1010,1014,1014,0,0,0
06-11-2016,23,33,13,22,23,22,6,9,10,1012.07,1014.39,1017.35,68,64,72,8,14,14,31,31,30,14,15,14,13,14,14,0,6,7,1015,1017,1020,1008,1010,1014,0,0,0
07-11-2016,24,31,17,23,22,23,3,6,9,1012.68,1012.07,1014.39,59,68,64,7,8,14,33,31,31,13,14,15,9,13,14,-3,0,6,1015,1015,1017,1009,1008,1010,0,0,0
08-11-2016,22,31,13,24,23,22,2,3,6,1014.56,1012.68,1012.07,37,59,68,9,7,8,31,33,31,17,13,14,5,9,13,-1,-3,0,1017,1015,1015,1011,1009,1008,0,0,0
09-11-2016,22,32,12,22,24,23,4,2,3,1015.83,1014.56,1012.68,67,37,59,8,9,7,31,31,33,13,17,13,10,5,9,-5,-1,-3,1018,1017,1015,1012,1011,1009,0,0,0
10-11-2016,24,32,16,22,22,24,2,4,2,1016.26,1015.83,1014.56,45,67,37,6,8,9,32,31,31,12,13,17,6,10,5,-3,-5,-1,1019,1018,1017,1013,1012,1011,0,0,0
11-11-2016,24,32,15,24,22,22,3,2,4,1015.07,1016.26,1015.83,49,45,67,7,6,8,32,32,31,16,12,13,7,6,10,-3,-3,-5,1018,1019,1018,1011,1013,1012,0,0,0
12-11-2016,22,31,14,24,24,22,4,3,2,1014.72,1015.07,1016.26,49,49,45,13,7,6,32,32,32,15,16,12,10,7,6,-1,-3,-3,1017,1018,1019,1011,1011,1013,0,0,0
13-11-2016,22,30,14,22,24,24,5,4,3,1015.83,1014.72,1015.07,48,49,49,10,13,7,31,32,32,14,15,16,10,10,7,2,-1,-3,1018,1017,1018,1013,1011,1011,0,0,0
14-11-2016,22,30,13,22,22,24,6,5,4,1017.25,1015.83,1014.72,52,48,49,10,10,13,30,31,32,14,14,15,11,10,10,3,2,-1,1020,1018,1017,1014,1013,1011,0,0,0
15-11-2016,20,28,12,22,22,22,6,6,5,1016.8,1017.25,1015.83,55,52,48,10,10,10,30,30,31,13,14,14,10,11,10,1,3,2,1019,1020,1018,1014,1014,1013,0,0,0
16-11-2016,20,29,12,20,22,22,6,6,6,1016.76,1016.8,1017.25,63,55,52,12,10,10,28,30,30,12,13,14,11,10,11,1,1,3,1019,1019,1020,1014,1014,1014,0,0,0
17-11-2016,20,29,12,20,20,22,6,6,6,1018.41,1016.76,1016.8,59,63,55,14,12,10,29,28,30,12,12,13,10,11,10,4,1,1,1021,1019,1019,1016,1014,1014,0,0,0
18-11-2016,20,30,11,20,20,20,5,6,6,1018.46,1018.41,1016.76,63,59,63,12,14,12,29,29,28,12,12,12,11,10,11,2,4,1,1022,1021,1019,1015,1016,1014,0,0,0
19-11-2016,20,30,11,20,20,20,4,5,6,1016.47,1018.46,1018.41,72,63,59,8,12,14,30,29,29,11,12,12,11,11,10,-1,2,4,1020,1022,1021,1013,1015,1016,0,0,0
20-11-2016,21,31,11,20,20,20,3,4,5,1014,1016.47,1018.46,55,72,63,10,8,12,30,30,29,11,11,12,9,11,11,-2,-1,2,1017,1020,1022,1010,1013,1015,0,0,0
21-11-2016,22,31,12,21,20,20,4,3,4,1014.34,1014,1016.47,63,55,72,9,10,8,31,30,30,11,11,11,9,9,11,-1,-2,-1,1017,1017,1020,1011,1010,1013,0,0,0
22-11-2016,21,30,12,22,21,20,5,4,3,1015.13,1014.34,1014,63,63,55,7,9,10,31,31,30,12,11,11,11,9,9,-1,-1,-2,1018,1017,1017,1012,1011,1010,0,0,0
23-11-2016,22,30,13,21,22,21,6,5,4,1014.61,1015.13,1014.34,67,63,63,13,7,9,30,31,31,12,12,11,10,11,9,2,-1,-1,1018,1018,1017,1011,1012,1011,0,0,0
24-11-2016,22,31,12,22,21,22,5,6,5,1014.49,1014.61,1015.13,52,67,63,14,13,7,30,30,31,13,12,12,10,10,11,2,2,-1,1017,1018,1018,1011,1011,1012,0,0,0
25-11-2016,20,29,12,22,22,21,6,5,6,1016.5,1014.49,1014.61,67,52,67,13,14,13,31,30,30,12,13,12,12,10,10,0,2,2,1019,1017,1018,1013,1011,1011,0,0,0
26-11-2016,23,30,16,20,22,22,4,6,5,1015.93,1016.5,1014.49,69,67,52,7,13,14,29,31,30,12,12,13,11,12,10,-2,0,2,1019,1019,1017,1012,1013,1011,0,0,0
27-11-2016,24,30,17,23,20,22,3,4,6,1015.43,1015.93,1016.5,35,69,67,9,7,13,30,29,31,16,12,12,7,11,12,0,-2,0,1018,1019,1019,1012,1012,1013,0,0,0
28-11-2016,22,30,14,24,23,20,4,3,4,1015.84,1015.43,1015.93,46,35,69,13,9,7,30,30,29,17,16,12,7,7,11,2,0,-2,1019,1018,1019,1012,1012,1012,0,0,0
29-11-2016,22,31,12,22,24,23,4,4,3,1015.18,1015.84,1015.43,55,46,35,8,13,9,30,30,30,14,17,16,10,7,7,0,2,0,1018,1019,1018,1011,1012,1012,0,0,0
30-11-2016,20,29,12,22,22,24,6,4,4,1015.84,1015.18,1015.84,67,55,46,9,8,13,31,30,30,12,14,17,11,10,7,1,0,2,1018,1018,1019,1012,1011,1012,0,0,0
01-12-2016,20,28,12,20,22,22,7,6,4,1016.88,1015.84,1015.18,63,67,55,16,9,8,29,31,30,12,12,14,10,11,10,1,1,0,1020,1018,1018,1014,1012,1011,0,0,0
02-12-2016,22,28,16,20,20,22,10,7,6,1017.07,1016.88,1015.84,68,63,67,26,16,9,28,29,31,12,12,12,13,10,11,7,1,1,1020,1020,1018,1014,1014,1012,0,0,0
03-12-2016,19,27,11,22,20,20,10,10,7,1018.3,1017.07,1016.88,74,68,63,18,26,16,28,28,29,16,12,12,15,13,10,6,7,1,1021,1020,1020,1016,1014,1014,0,0,0
04-12-2016,18,27,10,19,22,20,5,10,10,1020.31,1018.3,1017.07,82,74,68,8,18,26,27,28,28,11,16,12,12,15,13,-2,6,7,1023,1021,1020,1018,1016,1014,0,0,0
05-12-2016,19,27,11,18,19,22,5,5,10,1020.79,1020.31,1018.3,62,82,74,21,8,18,27,27,28,10,11,16,9,12,15,1,-2,6,1024,1023,1021,1018,1018,1016,0,0,0
06-12-2016,20,29,11,19,18,19,6,5,5,1018.63,1020.79,1020.31,67,62,82,14,21,8,27,27,27,11,10,11,10,9,12,3,1,-2,1021,1024,1023,1015,1018,1018,0,0,0
07-12-2016,20,29,11,20,19,18,6,6,5,1018.6,1018.63,1020.79,77,67,62,10,14,21,29,27,27,11,11,10,11,10,9,2,3,1,1021,1021,1024,1016,1015,1018,0,0,0
08-12-2016,20,29,11,20,20,19,7,6,6,1017.9,1018.6,1018.63,77,77,67,10,10,14,29,29,27,11,11,11,13,11,10,1,2,3,1020,1021,1021,1014,1016,1015,0,0,0
09-12-2016,20,29,11,20,20,20,10,7,6,1016.54,1017.9,1018.6,94,77,77,20,10,10,29,29,29,11,11,11,14,13,11,4,1,2,1019,1020,1021,1013,1014,1016,0,0,0
10-12-2016,20,29,12,20,20,20,10,10,7,1014.73,1016.54,1017.9,94,94,77,21,20,10,29,29,29,11,11,11,15,14,13,4,4,1,1017,1019,1020,1011,1013,1014,0,0,0
11-12-2016,22,29,14,20,20,20,10,10,10,1014.11,1014.73,1016.54,77,94,94,16,21,20,29,29,29,12,11,11,12,15,14,7,4,4,1017,1017,1019,1003,1011,1013,0,0,0
12-12-2016,20,27,13,22,20,20,9,10,10,1014.23,1014.11,1014.73,84,77,94,18,16,21,29,29,29,14,12,11,13,12,15,5,7,4,1017,1017,1017,1011,1003,1011,0,0,0
13-12-2016,20,26,15,20,22,20,11,9,10,1015.02,1014.23,1014.11,88,84,77,24,18,16,27,29,29,13,14,12,15,13,12,8,5,7,1018,1017,1017,1012,1011,1003,0,0,0
14-12-2016,20,26,14,20,20,22,11,11,9,1015.6,1015.02,1014.23,68,88,84,28,24,18,26,27,29,15,13,14,13,15,13,9,8,5,1018,1018,1017,1013,1012,1011,0,0,0
15-12-2016,18,26,11,20,20,20,11,11,11,1017.59,1015.6,1015.02,77,68,88,24,28,24,26,26,27,14,15,13,14,13,15,8,9,8,1020,1018,1018,1015,1013,1012,0,0,0
16-12-2016,18,26,10,18,20,20,5,11,11,1017.85,1017.59,1015.6,72,77,68,13,24,28,26,26,26,11,14,15,9,14,13,2,8,9,1021,1020,1018,1015,1015,1013,0,0,0
17-12-2016,18,26,10,18,18,20,6,5,11,1018.7,1017.85,1017.59,63,72,77,20,13,24,26,26,26,10,11,14,8,9,14,4,2,8,1022,1021,1020,1016,1015,1015,0,0,0
18-12-2016,18,26,11,18,18,18,8,6,5,1018.17,1018.7,1017.85,76,63,72,25,20,13,26,26,26,10,10,11,10,8,9,6,4,2,1021,1022,1021,1015,1016,1015,0,0,0
19-12-2016,17,25,9,18,18,18,7,8,6,1018.27,1018.17,1018.7,72,76,63,21,25,20,26,26,26,11,10,10,10,10,8,5,6,4,1020,1021,1022,1016,1015,1016,0,0,0
20-12-2016,18,27,8,17,18,18,5,7,8,1018.69,1018.27,1018.17,77,72,76,10,21,25,25,26,26,9,11,10,9,10,10,-3,5,6,1021,1020,1021,1016,1016,1015,0,0,0
21-12-2016,19,27,11,18,17,18,3,5,7,1017.83,1018.69,1018.27,71,77,72,12,10,21,27,25,26,8,9,11,8,9,10,-2,-3,5,1020,1021,1020,1014,1016,1016,0,0,0
22-12-2016,19,27,11,19,18,17,2,3,5,1017.8,1017.83,1018.69,51,71,77,10,12,10,27,27,25,11,8,9,8,8,9,-3,-2,-3,1021,1020,1021,1014,1014,1016,0,0,0
23-12-2016,19,28,10,19,19,18,2,2,3,1016.96,1017.8,1017.83,54,51,71,13,10,12,27,27,27,11,11,8,7,8,8,-3,-3,-2,1019,1021,1020,1012,1014,1014,0,0,0
24-12-2016,19,28,10,19,19,19,5,2,2,1014.98,1016.96,1017.8,67,54,51,10,13,10,28,27,27,10,11,11,10,7,8,1,-3,-3,1018,1019,1021,1011,1012,1014,0,0,0
25-12-2016,18,24,13,19,19,19,7,5,2,1011.96,1014.98,1016.96,76,67,54,14,10,13,28,28,27,10,10,11,10,10,7,2,1,-3,1015,1018,1019,1008,1011,1012,0,0,0
26-12-2016,18,25,12,18,19,19,3,7,5,1014.75,1011.96,1014.98,72,76,67,6,14,10,24,28,28,13,10,10,10,10,10,-9,2,1,1019,1015,1018,1010,1008,1011,0,0,0
27-12-2016,17,25,9,18,18,19,7,3,7,1017.92,1014.75,1011.96,88,72,76,23,6,14,25,24,28,12,13,10,11,10,10,2,-9,2,1020,1019,1015,1015,1010,1008,0,0,0
28-12-2016,18,27,10,17,18,18,6,7,3,1018.28,1017.92,1014.75,82,88,72,13,23,6,25,25,24,9,12,13,10,11,10,1,2,-9,1021,1020,1019,1015,1015,1010,0,0,0
29-12-2016,19,28,10,18,17,18,8,6,7,1016.87,1018.28,1017.92,82,82,88,16,13,23,27,25,25,10,9,12,11,10,11,4,1,2,1019,1021,1020,1013,1015,1015,0,0,0
30-12-2016,17,24,10,19,18,17,8,8,6,1016.75,1016.87,1018.28,94,82,82,11,16,13,28,27,25,10,10,9,13,11,10,0,4,1,1020,1019,1021,1013,1013,1015,0,0,0
31-12-2016,16,23,10,17,19,18,13,8,8,1017.06,1016.75,1016.87,100,94,82,43,11,16,24,28,27,10,10,10,16,13,11,10,0,4,1019,1020,1019,1014,1013,1013,0,0,0
01-01-2017,18,24,12,16,17,19,13,13,8,1015.7,1017.06,1016.75,100,100,94,45,43,11,23,24,28,10,10,10,17,16,13,11,10,0,1018,1019,1020,1012,1014,1013,0,0,0
02-01-2017,16,23,9,18,16,17,11,13,13,1015.67,1015.7,1017.06,100,100,100,31,45,43,24,23,24,12,10,10,15,17,16,7,11,10,1018,1018,1019,1013,1012,1014,0,0,0
03-01-2017,16,23,10,16,18,16,13,11,13,1018.75,1015.67,1015.7,100,100,100,47,31,45,23,24,23,9,12,10,15,15,17,11,7,11,1021,1018,1018,1017,1013,1012,0,0,0
04-01-2017,17,24,10,16,16,18,12,13,11,1019.15,1018.75,1015.67,100,100,100,38,47,31,23,23,24,10,9,12,14,15,15,10,11,7,1022,1021,1018,1016,1017,1013,0,0,0
05-01-2017,18,25,10,17,16,16,13,12,13,1016.93,1019.15,1018.75,100,100,100,41,38,47,24,23,23,10,10,9,16,14,15,10,10,11,1019,1022,1021,1014,1016,1017,0,0,0
06-01-2017,18,24,11,18,17,16,11,13,12,1015.19,1016.93,1019.15,100,100,100,26,41,38,25,24,23,10,10,10,14,16,14,7,10,10,1018,1019,1022,1011,1014,1016,0,0,0
07-01-2017,18,22,14,18,18,17,13,11,13,1012.71,1015.19,1016.93,100,100,100,43,26,41,24,25,24,11,10,10,15,14,16,11,7,10,1015,1018,1019,1010,1011,1014,0,0,0
08-01-2017,16,20,12,18,18,18,10,13,11,1011.52,1012.71,1015.19,94,100,100,26,43,26,22,24,25,14,11,10,14,15,14,3,11,7,1013,1015,1018,1009,1010,1011,0,0,0
09-01-2017,15,21,9,16,18,18,9,10,13,1014.24,1011.52,1012.71,100,94,100,27,26,43,20,22,24,12,14,11,15,14,15,1,3,11,1017,1013,1015,1012,1009,1010,0,0,0
10-01-2017,13,19,7,15,16,18,5,9,10,1015.62,1014.24,1011.52,100,100,94,15,27,26,21,20,22,9,12,14,10,15,14,-1,1,3,1018,1017,1013,1014,1012,1009,0,0,0
11-01-2017,10,18,3,13,15,16,3,5,9,1017,1015.62,1014.24,94,100,100,17,15,27,19,21,20,7,9,12,9,10,15,-5,-1,1,1019,1018,1017,1015,1014,1012,0,0,0
12-01-2017,12,19,4,10,13,15,-3,3,5,1017.54,1017,1015.62,70,94,100,13,17,15,18,19,21,3,7,9,2,9,10,-7,-5,-1,1020,1019,1018,1015,1015,1014,0,0,0
13-01-2017,12,20,4,12,10,13,-5,-3,3,1017.24,1017.54,1017,75,70,94,4,13,17,19,18,19,4,3,7,2,2,9,-93,-7,-5,1020,1020,1019,1015,1015,1015,0,0,0
14-01-2017,12,20,5,12,12,10,-1,-5,-3,1017.75,1017.24,1017.54,70,75,70,10,4,13,20,19,18,4,4,3,1,2,2,-8,-93,-7,1020,1020,1020,1016,1015,1015,0,0,0
15-01-2017,14,22,7,12,12,12,2,-1,-5,1018.81,1017.75,1017.24,71,70,75,24,10,4,20,20,19,5,4,4,4,1,2,0,-8,-93,1021,1020,1020,1017,1016,1015,0,0,0
16-01-2017,15,21,9,14,12,12,3,2,-1,1018.33,1018.81,1017.75,77,71,70,19,24,10,22,20,20,7,5,4,10,4,1,0,0,-8,1021,1021,1020,1015,1017,1016,0,0,0
17-01-2017,12,20,5,15,14,12,3,3,2,1017.35,1018.33,1018.81,74,77,71,15,19,24,21,22,20,9,7,5,7,10,4,-2,0,0,1019,1021,1021,1015,1015,1017,0,0,0
18-01-2017,14,21,8,12,15,14,3,3,3,1018.52,1017.35,1018.33,100,74,77,4,15,19,20,21,22,5,9,7,7,7,10,-3,-2,0,1021,1019,1021,1016,1015,1015,0,0,0
19-01-2017,14,23,6,14,12,15,5,3,3,1021.26,1018.52,1017.35,93,100,74,16,4,15,21,20,21,8,5,9,8,7,7,-2,-3,-2,1024,1021,1019,1019,1016,1015,0,0,0
20-01-2017,14,22,7,14,14,12,1,5,3,1022.69,1021.26,1018.52,87,93,100,9,16,4,23,21,20,6,8,5,7,8,7,-4,-2,-3,1026,1024,1021,1011,1019,1016,0,0,0
21-01-2017,16,22,9,14,14,14,2,1,5,1022.24,1022.69,1021.26,76,87,93,9,9,16,22,23,21,7,6,8,6,7,8,-4,-4,-2,1025,1026,1024,1019,1011,1019,0,0,0
22-01-2017,18,24,12,16,14,14,5,2,1,1020.79,1022.24,1022.69,63,76,87,25,9,9,22,22,23,9,7,6,8,6,7,2,-4,-4,1023,1025,1026,1018,1019,1011,0,0,0
23-01-2017,18,26,11,18,16,14,6,5,2,1021.53,1020.79,1022.24,67,63,76,19,25,9,24,22,22,12,9,7,11,8,6,-1,2,-4,1025,1023,1025,1019,1018,1019,0,0,0
24-01-2017,21,28,14,18,18,16,9,6,5,1019.98,1021.53,1020.79,77,67,63,24,19,25,26,24,22,11,12,9,12,11,8,7,-1,2,1023,1025,1023,1017,1019,1018,0,0,0
25-01-2017,22,27,17,21,18,18,12,9,6,1018.49,1019.98,1021.53,82,77,67,29,24,19,28,26,24,14,11,12,15,12,11,11,7,-1,1022,1023,1025,1015,1017,1019,0,0,0
26-01-2017,16,18,14,22,21,18,14,12,9,1017.9,1018.49,1019.98,77,82,77,32,29,24,27,28,26,17,14,11,17,15,12,12,11,7,1021,1022,1023,1014,1015,1017,0.2,0,0
27-01-2017,14,19,10,16,22,21,15,14,12,1017.47,1017.9,1018.49,100,77,82,66,32,29,18,27,28,14,17,14,16,17,15,14,12,11,1020,1021,1022,1015,1014,1015,19,0.2,0
28-01-2017,15,21,9,14,16,22,12,15,14,1019.25,1017.47,1017.9,100,100,77,52,66,32,19,18,27,10,14,17,15,16,17,8,14,12,1021,1020,1021,1017,1015,1014,0,19,0.2
29-01-2017,18,25,10,15,14,16,11,12,15,1020.22,1019.25,1017.47,100,100,100,34,52,66,21,19,18,9,10,14,13,15,16,8,8,14,1023,1021,1020,1017,1017,1015,0,0,19
30-01-2017,18,25,10,18,15,14,10,11,12,1018.13,1020.22,1019.25,100,100,100,22,34,52,25,21,19,10,9,10,15,13,15,3,8,8,1020,1023,1021,1015,1017,1017,0,0,0
31-01-2017,18,26,11,18,18,15,12,10,11,1016.37,1018.13,1020.22,100,100,100,28,22,34,25,25,21,10,10,9,15,15,13,9,3,8,1019,1020,1023,1012,1015,1017,0,0,0
01-02-2017,18,24,12,18,18,18,11,12,10,1015.55,1016.37,1018.13,100,100,100,23,28,22,26,25,25,11,10,10,14,15,15,6,9,3,1018,1019,1020,1013,1012,1015,0,0,0
02-02-2017,20,25,14,18,18,18,13,11,12,1017.23,1015.55,1016.37,94,100,100,37,23,28,24,26,25,12,11,10,15,14,15,10,6,9,1020,1018,1019,1014,1013,1012,0,0,0
03-02-2017,19,25,13,20,18,18,11,13,11,1019.45,1017.23,1015.55,77,94,100,39,37,23,25,24,26,14,12,11,14,15,14,8,10,6,1022,1020,1018,1017,1014,1013,0,0,0
04-02-2017,20,26,15,19,20,18,13,11,13,1018.25,1019.45,1017.23,88,77,94,41,39,37,25,25,24,13,14,12,15,14,15,11,8,10,1021,1022,1020,1015,1017,1014,0,0,0
05-02-2017,21,26,16,20,19,20,14,13,11,1014.35,1018.25,1019.45,94,88,77,39,41,39,26,25,25,15,13,14,17,15,14,12,11,8,1017,1021,1022,1010,1015,1017,0,0,0
06-02-2017,18,23,12,21,20,19,13,14,13,1013.88,1014.35,1018.25,94,94,88,30,39,41,26,26,25,16,15,13,16,17,15,4,12,11,1016,1017,1021,1011,1010,1015,0,0,0
07-02-2017,16,24,8,18,21,20,3,13,14,1016.72,1013.88,1014.35,72,94,94,12,30,39,23,26,26,12,16,15,8,16,17,-5,4,12,1020,1016,1017,1014,1011,1010,0,0,0
08-02-2017,17,25,9,16,18,21,2,3,13,1017.09,1016.72,1013.88,71,72,94,10,12,30,24,23,26,8,12,16,5,8,16,-4,-5,4,1020,1020,1016,1014,1014,1011,0,0,0
09-02-2017,17,23,11,17,16,18,5,2,3,1015.66,1017.09,1016.72,67,71,72,17,10,12,25,24,23,9,8,12,10,5,8,3,-4,-5,1018,1020,1020,1012,1014,1014,0,0,0
10-02-2017,17,24,10,17,17,16,2,5,2,1016.67,1015.66,1017.09,76,67,71,10,17,10,23,25,24,11,9,8,8,10,5,-3,3,-4,1019,1018,1020,1014,1012,1014,0,0,0
11-02-2017,16,24,8,17,17,17,2,2,5,1016.79,1016.67,1015.66,67,76,67,11,10,17,24,23,25,10,11,9,8,8,10,-3,-3,3,1020,1019,1018,1012,1014,1012,0,0,0
12-02-2017,18,24,11,16,17,17,2,2,2,1016.82,1016.79,1016.67,62,67,76,13,11,10,24,24,23,8,10,11,5,8,8,-1,-3,-3,1019,1020,1019,1014,1012,1014,0,0,0
13-02-2017,18,26,11,18,16,17,5,2,2,1019.89,1016.82,1016.79,64,62,67,21,13,11,24,24,24,11,8,10,8,5,8,2,-1,-3,1023,1019,1020,1017,1014,1012,0,0,0
14-02-2017,18,27,8,18,18,16,5,5,2,1022.08,1019.89,1016.82,72,64,62,10,21,13,26,24,24,11,11,8,9,8,5,-1,2,-1,1025,1023,1019,1019,1017,1014,0,0,0
15-02-2017,20,29,11,18,18,18,2,5,5,1022.65,1022.08,1019.89,76,72,64,8,10,21,27,26,24,8,11,11,8,9,8,-4,-1,2,1025,1025,1023,1019,1019,1017,0,0,0
16-02-2017,22,32,13,20,18,18,3,2,5,1022,1022.65,1022.08,63,76,72,6,8,10,29,27,26,11,8,11,9,8,9,-3,-4,-1,1025,1025,1025,1018,1019,1019,0,0,0
17-02-2017,23,32,14,22,20,18,4,3,2,1019.68,1022,1022.65,67,63,76,8,6,8,32,29,27,13,11,8,8,9,8,-1,-3,-4,1022,1025,1025,1015,1018,1019,0,0,0
18-02-2017,23,32,14,23,22,20,5,4,3,1018.52,1019.68,1022,59,67,63,7,8,6,32,32,29,14,13,11,9,8,9,-2,-1,-3,1021,1022,1025,1015,1015,1018,0,0,0
19-02-2017,24,33,16,23,23,22,8,5,4,1018.47,1018.52,1019.68,72,59,67,12,7,8,32,32,32,14,14,13,10,9,8,5,-2,-1,1021,1021,1022,1014,1015,1015,0,0,0
20-02-2017,24,31,17,24,23,23,8,8,5,1015.39,1018.47,1018.52,64,72,59,9,12,7,33,32,32,16,14,14,13,10,9,3,5,-2,1019,1021,1021,1010,1014,1015,0,0,0
21-02-2017,20,27,14,24,24,23,6,8,8,1008.35,1015.39,1018.47,49,64,72,14,9,12,31,33,32,17,16,14,9,13,10,3,3,5,1011,1019,1021,1003,1010,1014,0,0,0
22-02-2017,20,28,11,20,24,24,0,6,8,1009.08,1008.35,1015.39,59,49,64,6,14,9,27,31,33,14,17,16,7,9,13,-8,3,3,1012,1011,1019,1006,1003,1010,0,0,0
23-02-2017,20,27,12,20,20,24,-3,0,6,1013,1009.08,1008.35,51,59,49,4,6,14,28,27,31,11,14,17,6,7,9,-14,-8,3,1015,1012,1011,1010,1006,1003,0,0,0
24-02-2017,19,27,11,20,20,20,-3,-3,0,1016.02,1013,1009.08,48,51,59,4,4,6,27,28,27,12,11,14,5,6,7,-9,-14,-8,1018,1015,1012,1013,1010,1006,0,0,0
25-02-2017,22,30,14,19,20,20,-4,-3,-3,1018.61,1016.02,1013,54,48,51,4,4,4,27,27,28,11,12,11,6,5,6,-94,-9,-14,1021,1018,1015,1015,1013,1010,0,0,0
26-02-2017,21,29,13,22,19,20,-1,-4,-3,1016.19,1018.61,1016.02,41,54,48,4,4,4,30,27,27,14,11,12,8,6,5,-8,-94,-9,1020,1021,1018,1011,1015,1013,0,0,0
27-02-2017,22,31,12,21,22,19,0,-1,-4,1014.3,1016.19,1018.61,51,41,54,6,4,4,29,30,27,13,14,11,8,8,6,-9,-8,-94,1017,1020,1021,1011,1011,1015,0,0,0
28-02-2017,25,33,17,22,21,22,1,0,-1,1015.17,1014.3,1016.19,44,51,41,6,6,4,31,29,30,12,13,14,6,8,8,-3,-9,-8,1018,1017,1020,1011,1011,1011,0,0,0
01-03-2017,25,32,18,25,22,21,3,1,0,1014.47,1015.17,1014.3,40,44,51,6,6,6,33,31,29,17,12,13,7,6,8,0,-3,-9,1018,1018,1017,1009,1011,1011,0,0,0
02-03-2017,24,29,19,25,25,22,7,3,1,1013.08,1014.47,1015.17,49,40,44,11,6,6,32,33,31,18,17,12,12,7,6,3,0,-3,1016,1018,1018,1009,1009,1011,0,0,0
03-03-2017,22,28,17,24,25,25,12,7,3,1012.37,1013.08,1014.47,73,49,40,20,11,6,29,32,33,19,18,17,15,12,7,9,3,0,1016,1016,1018,1009,1009,1009,6,0,0
04-03-2017,21,28,14,22,24,25,5,12,7,1011.48,1012.37,1013.08,60,73,49,12,20,11,28,29,32,17,19,18,12,15,12,1,9,3,1014,1016,1016,1008,1009,1009,0,6,0
05-03-2017,20,28,13,21,22,24,3,5,12,1011.09,1011.48,1012.37,59,60,73,9,12,20,28,28,29,14,17,19,10,12,15,-3,1,9,1014,1014,1016,1008,1008,1009,0,0,6
06-03-2017,22,30,13,20,21,22,2,3,5,1012.21,1011.09,1011.48,71,59,60,8,9,12,28,28,28,13,14,17,14,10,12,-3,-3,1,1015,1014,1014,1009,1008,1008,0,0,0
07-03-2017,24,31,16,22,20,21,1,2,3,1011.73,1012.21,1011.09,59,71,59,5,8,9,30,28,28,13,13,14,6,14,10,-5,-3,-3,1015,1015,1014,1007,1009,1008,0,0,0
08-03-2017,24,30,19,24,22,20,2,1,2,1009.62,1011.73,1012.21,42,59,71,6,5,8,31,30,28,16,13,13,6,6,14,-3,-5,-3,1013,1015,1015,1005,1007,1009,0,0,0
09-03-2017,23,28,18,24,24,22,6,2,1,1008.61,1009.62,1011.73,46,42,59,16,6,5,30,31,30,19,16,13,12,6,6,2,-3,-5,1011,1013,1015,1004,1005,1007,0,0,0
10-03-2017,18,23,14,23,24,24,10,6,2,1008.17,1008.61,1009.62,68,46,42,18,16,6,28,30,31,18,19,16,14,12,6,6,2,-3,1011,1011,1013,1005,1004,1005,4,0,0
11-03-2017,18,24,11,18,23,24,14,10,6,1007.59,1008.17,1008.61,100,68,46,49,18,16,23,28,30,14,18,19,16,14,12,10,6,2,1010,1011,1011,1004,1005,1004,4,4,0
12-03-2017,18,25,10,18,18,23,5,14,10,1010.51,1007.59,1008.17,100,100,68,7,49,18,24,23,28,11,14,18,14,16,14,-6,10,6,1018,1010,1011,1007,1004,1005,0,4,4
13-03-2017,18,26,11,18,18,18,-1,5,14,1014.68,1010.51,1007.59,59,100,100,5,7,49,25,24,23,10,11,14,7,14,16,-8,-6,10,1017,1018,1010,1011,1007,1004,0,0,4
14-03-2017,21,28,14,18,18,18,2,-1,5,1015.33,1014.68,1010.51,55,59,100,8,5,7,26,25,24,11,10,11,5,7,14,-4,-8,-6,1018,1017,1018,1012,1011,1007,0,0,0
15-03-2017,24,31,16,21,18,18,2,2,-1,1016.87,1015.33,1014.68,45,55,59,7,8,5,28,26,25,14,11,10,6,5,7,-3,-4,-8,1019,1018,1017,1014,1012,1011,0,0,0
16-03-2017,24,32,15,24,21,18,3,2,2,1015.54,1016.87,1015.33,51,45,55,12,7,8,31,28,26,16,14,11,8,6,5,-2,-3,-4,1018,1019,1018,1012,1014,1012,0,0,0
17-03-2017,24,30,17,24,24,21,2,3,2,1012.77,1015.54,1016.87,45,51,45,5,12,7,32,31,28,15,16,14,7,8,6,-4,-2,-3,1015,1018,1019,1008,1012,1014,0,0,0
18-03-2017,24,31,17,24,24,24,6,2,3,1011.91,1012.77,1015.54,59,45,51,11,5,12,30,32,31,17,15,16,12,7,8,1,-4,-2,1015,1015,1018,1008,1008,1012,0,0,0
19-03-2017,24,31,17,24,24,24,8,6,2,1011.43,1011.91,1012.77,64,59,45,17,11,5,31,30,32,17,17,15,14,12,7,5,1,-4,1015,1015,1015,1006,1008,1008,0.4,0,0
20-03-2017,24,32,16,24,24,24,13,8,6,1012.86,1011.43,1011.91,78,64,59,18,17,11,31,31,30,17,17,17,15,14,12,8,5,1,1015,1015,1015,1009,1006,1008,0.8,0.4,0
21-03-2017,25,34,16,24,24,24,7,13,8,1014.3,1012.86,1011.43,73,78,64,6,18,17,32,31,31,16,17,17,16,15,14,-4,8,5,1017,1015,1015,1010,1009,1006,0,0.8,0.4
22-03-2017,28,37,19,25,24,24,5,7,13,1014.59,1014.3,1012.86,56,73,78,6,6,18,34,32,31,16,16,17,12,16,15,0,-4,8,1017,1017,1015,1010,1010,1009,0,0,0.8
23-03-2017,30,37,24,28,25,24,6,5,7,1012.67,1014.59,1014.3,46,56,73,6,6,6,37,34,32,19,16,16,14,12,16,2,0,-4,1016,1017,1017,1001,1010,1010,0,0,0
24-03-2017,28,36,21,30,28,25,6,6,5,1011.32,1012.67,1014.59,34,46,56,5,6,6,37,37,34,24,19,16,12,14,12,2,2,0,1014,1016,1017,1006,1001,1010,0,0,0
25-03-2017,28,36,21,28,30,28,8,6,6,1011.47,1011.32,1012.67,44,34,46,10,5,6,36,37,37,21,24,19,14,12,14,5,2,2,1014,1014,1016,1007,1006,1001,0,0,0
26-03-2017,29,37,21,28,28,30,6,8,6,1012.21,1011.47,1011.32,41,44,34,6,10,5,36,36,37,21,21,24,11,14,12,3,5,2,1015,1014,1014,1007,1007,1006,0,0,0
27-03-2017,30,40,21,29,28,28,7,6,8,1013.49,1012.21,1011.47,44,41,44,7,6,10,37,36,36,21,21,21,11,11,14,5,3,5,1017,1015,1014,1008,1007,1007,0,0,0
28-03-2017,32,41,23,30,29,28,7,7,6,1012.53,1013.49,1012.21,43,44,41,5,7,6,40,37,36,21,21,21,13,11,11,2,5,3,1015,1017,1015,1007,1008,1007,0,0,0
29-03-2017,32,40,25,32,30,29,5,7,7,1011.57,1012.53,1013.49,47,43,44,4,5,7,41,40,37,23,21,21,13,13,11,-2,2,5,1015,1015,1017,1006,1007,1008,0,0,0
30-03-2017,32,41,24,32,32,30,3,5,7,1010.11,1011.57,1012.53,34,47,43,4,4,5,40,41,40,25,23,21,11,13,13,-8,-2,2,1013,1015,1015,1005,1006,1007,0,0,0
31-03-2017,30,39,22,32,32,32,2,3,5,1009.89,1010.11,1011.57,47,34,47,4,4,4,41,40,41,24,25,23,15,11,13,-7,-8,-2,1013,1013,1015,1005,1005,1006,0,0,0
01-04-2017,32,40,25,30,32,32,1,2,3,1010.86,1009.89,1010.11,29,47,34,5,4,4,39,41,40,22,24,25,6,15,11,-4,-7,-8,1014,1013,1013,1006,1005,1005,0,0,0
02-04-2017,32,39,25,32,30,32,1,1,2,1008.64,1010.86,1009.89,22,29,47,4,5,4,40,39,41,25,22,24,10,6,15,-2,-4,-7,1012,1014,1013,1004,1006,1005,0,0,0
03-04-2017,32,40,23,32,32,30,4,1,1,1007.05,1008.64,1010.86,27,22,29,4,4,5,39,40,39,25,25,22,14,10,6,-2,-2,-4,1010,1012,1014,1003,1004,1006,0,0,0
04-04-2017,32,39,25,32,32,32,6,4,1,1007.27,1007.05,1008.64,34,27,22,6,4,4,40,39,40,23,25,25,11,14,10,3,-2,-2,1011,1010,1012,1002,1003,1004,0,0,0
05-04-2017,32,40,24,32,32,32,8,6,4,1008.05,1007.27,1007.05,34,34,27,9,6,4,39,40,39,25,23,25,12,11,14,6,3,-2,1011,1011,1010,1003,1002,1003,0,0,0
06-04-2017,31,36,26,32,32,32,7,8,6,1005.82,1008.05,1007.27,36,34,34,8,9,6,40,39,40,24,25,23,12,12,11,-1,6,3,1018,1011,1011,999,1003,1002,0,0,0
07-04-2017,28,34,22,31,32,32,6,7,8,1005.19,1005.82,1008.05,45,36,34,5,8,9,36,40,39,26,24,25,15,12,12,-3,-1,6,1008,1018,1011,1001,999,1003,0,0,0
08-04-2017,26,34,19,28,31,32,-8,6,7,1009.31,1005.19,1005.82,28,45,36,4,5,8,34,36,40,22,26,24,6,15,12,-15,-3,-1,1012,1008,1018,1005,1001,999,0,0,0
09-04-2017,28,34,22,26,28,31,-10,-8,6,1012.43,1009.31,1005.19,15,28,45,4,4,5,34,34,36,19,22,26,1,6,15,-18,-15,-3,1015,1012,1008,1008,1005,1001,0,0,0
10-04-2017,26,35,18,28,26,28,-8,-10,-8,1013.15,1012.43,1009.31,19,15,28,4,4,4,34,34,34,22,19,22,0,1,6,-21,-18,-15,1016,1015,1012,1009,1008,1005,0,0,0
11-04-2017,30,38,21,26,28,26,-5,-8,-10,1011.8,1013.15,1012.43,21,19,15,4,4,4,35,34,34,18,22,19,6,0,1,-8,-21,-18,1015,1016,1015,1007,1009,1008,0,0,0
12-04-2017,30,40,21,30,26,28,-2,-5,-8,1010.3,1011.8,1013.15,29,21,19,4,4,4,38,35,34,21,18,22,7,6,0,-9,-8,-21,1014,1015,1016,1005,1007,1009,0,0,0
13-04-2017,32,41,23,30,30,26,0,-2,-5,1009.29,1010.3,1011.8,33,29,21,4,4,4,40,38,35,21,21,18,8,7,6,-9,-9,-8,1012,1014,1015,1004,1005,1007,0,0,0
14-04-2017,33,42,24,32,30,30,-1,0,-2,1008.9,1009.29,1010.3,32,33,29,4,4,4,41,40,38,23,21,21,9,8,7,-7,-9,-9,1012,1012,1014,1003,1004,1005,0,0,0
15-04-2017,34,42,25,33,32,30,-1,-1,0,1007.07,1008.9,1009.29,23,32,33,4,4,4,42,41,40,24,23,21,8,9,8,-9,-7,-9,1010,1012,1012,1001,1003,1004,0,0,0
16-04-2017,34,43,26,34,33,32,1,-1,-1,1005.69,1007.07,1008.9,30,23,32,4,4,4,42,42,41,25,24,23,8,8,9,-10,-9,-7,1014,1010,1012,999,1001,1003,0,0,0
17-04-2017,35,43,27,34,34,33,-1,1,-1,1006.12,1005.69,1007.07,23,30,23,4,4,4,43,42,42,26,25,24,7,8,8,-9,-10,-9,1010,1014,1010,1001,999,1001,0,0,0
18-04-2017,36,43,29,35,34,34,2,-1,1,1007.02,1006.12,1005.69,20,23,30,4,4,4,43,43,42,27,26,25,10,7,8,-3,-9,-10,1010,1010,1014,1002,1001,999,0,0,0
19-04-2017,35,42,28,36,35,34,4,2,-1,1006.95,1007.02,1006.12,24,20,23,5,4,4,43,43,43,29,27,26,14,10,7,-5,-3,-9,1010,1010,1010,1001,1002,1001,0,0,0
20-04-2017,36,43,28,35,36,35,4,4,2,1004.82,1006.95,1007.02,27,24,20,4,5,4,42,43,43,28,29,27,14,14,10,-3,-5,-3,1008,1010,1010,999,1001,1002,0,0,0
21-04-2017,36,43,30,36,35,36,9,4,4,1002.87,1004.82,1006.95,35,27,24,7,4,5,43,42,43,28,28,29,15,14,14,4,-3,-5,1006,1008,1010,997,999,1001,0,0,0
22-04-2017,34,40,29,36,36,35,4,9,4,1003.47,1002.87,1004.82,24,35,27,4,7,4,43,43,42,30,28,28,10,15,14,1,4,-3,1006,1006,1008,998,997,999,0,0,0
23-04-2017,34,39,28,34,36,36,6,4,9,1005.09,1003.47,1002.87,29,24,35,4,4,7,40,43,43,29,30,28,12,10,15,1,1,4,1008,1006,1006,1001,998,997,0,0,0
24-04-2017,32,38,25,34,34,36,8,6,4,1005.52,1005.09,1003.47,29,29,24,9,4,4,39,40,43,28,29,30,11,12,10,5,1,1,1009,1008,1006,1001,1001,998,0,0,0
25-04-2017,30,36,25,32,34,34,9,8,6,1007.02,1005.52,1005.09,34,29,29,9,9,4,38,39,40,25,28,29,16,11,12,1,5,1,1010,1009,1008,1003,1001,1001,0,0,0
26-04-2017,29,38,20,30,32,34,8,9,8,1007.85,1007.02,1005.52,47,34,29,9,9,9,36,38,39,25,25,28,18,16,11,1,1,5,1011,1010,1009,1004,1003,1001,2,0,0
27-04-2017,31,39,23,29,30,32,7,8,9,1008.26,1007.85,1007.02,61,47,34,5,9,9,38,36,38,20,25,25,15,18,16,-3,1,1,1011,1011,1010,1004,1004,1003,0,2,0
28-04-2017,32,40,24,31,29,30,3,7,8,1009.11,1008.26,1007.85,36,61,47,4,5,9,39,38,36,23,20,25,12,15,18,-8,-3,1,1012,1011,1011,1002,1004,1004,0,0,2
29-04-2017,32,37,26,32,31,29,5,3,7,1008.16,1009.11,1008.26,34,36,61,4,4,5,40,39,38,24,23,20,15,12,15,-1,-8,-3,1011,1012,1011,1002,1002,1004,0,0,0
30-04-2017,32,39,26,32,32,31,7,5,3,1007.94,1008.16,1009.11,30,34,36,7,4,4,37,40,39,26,24,23,17,15,12,4,-1,-8,1011,1011,1012,1004,1002,1002,0,0,0
01-05-2017,33,39,27,32,32,32,5,7,5,1007.36,1007.94,1008.16,32,30,34,6,7,4,39,37,40,26,26,24,12,17,15,-5,4,-1,1010,1011,1011,1002,1004,1002,0,0,0
02-05-2017,32,40,24,33,32,32,-2,5,7,1009.16,1007.36,1007.94,33,32,30,4,6,7,39,39,37,27,26,26,12,12,17,-17,-5,4,1012,1010,1011,1005,1002,1004,0,0,0
03-05-2017,34,41,28,32,33,32,-2,-2,5,1010.33,1009.16,1007.36,20,33,32,4,4,6,40,39,39,24,27,26,11,12,12,-7,-17,-5,1014,1012,1010,1005,1005,1002,0,0,0
04-05-2017,33,40,26,34,32,33,7,-2,-2,1008.37,1010.33,1009.16,29,20,33,7,4,4,41,40,39,28,24,27,13,11,12,2,-7,-17,1011,1014,1012,1003,1005,1005,0,0,0
05-05-2017,34,41,26,33,34,32,6,7,-2,1009.82,1008.37,1010.33,33,29,20,4,7,4,40,41,40,26,28,24,12,13,11,1,2,-7,1013,1011,1014,1002,1003,1005,0,0,0
06-05-2017,36,43,30,34,33,34,4,6,7,1008.55,1009.82,1008.37,25,33,29,4,4,7,41,40,41,26,26,28,10,12,13,1,1,2,1012,1013,1011,1004,1002,1003,0,0,0
07-05-2017,36,44,29,36,34,33,6,4,6,1008.31,1008.55,1009.82,22,25,33,4,4,4,43,41,40,30,26,26,14,10,12,0,1,1,1011,1012,1013,1003,1004,1002,0,0,0
08-05-2017,36,43,30,36,36,34,5,6,4,1008,1008.31,1008.55,24,22,25,4,4,4,44,43,41,29,30,26,10,14,10,-2,0,1,1011,1011,1012,1003,1003,1004,0,0,0
09-05-2017,36,43,29,36,36,36,8,5,6,1007.88,1008,1008.31,36,24,22,4,4,4,43,44,43,30,29,30,15,10,14,3,-2,0,1011,1011,1011,1001,1003,1003,0.1,0,0
10-05-2017,36,43,29,36,36,36,7,8,5,1005.29,1007.88,1008,29,36,24,5,4,4,43,43,44,29,30,29,14,15,10,2,3,-2,1008,1011,1011,999,1001,1003,0.2,0.1,0
11-05-2017,34,42,26,36,36,36,8,7,8,1006.26,1005.29,1007.88,29,29,36,5,5,4,43,43,43,29,29,30,14,14,15,3,2,3,1009,1008,1011,1001,999,1001,0,0.2,0.1
12-05-2017,34,41,27,34,36,36,9,8,7,1007.62,1006.26,1005.29,35,29,29,6,5,5,42,43,43,26,29,29,13,14,14,6,3,2,1010,1009,1008,1003,1001,999,0,0,0.2
13-05-2017,35,42,28,34,34,36,9,9,8,1007.79,1007.62,1006.26,35,35,29,5,6,5,41,42,43,27,26,29,15,13,14,4,6,3,1011,1010,1009,1002,1003,1001,0,0,0
14-05-2017,36,43,30,35,34,34,9,9,9,1006.45,1007.79,1007.62,35,35,35,5,5,6,42,41,42,28,27,26,17,15,13,4,4,6,1010,1011,1010,1002,1002,1003,0,0,0
15-05-2017,36,42,31,36,35,34,6,9,9,1004.57,1006.45,1007.79,21,35,35,5,5,5,43,42,41,30,28,27,11,17,15,4,4,4,1007,1010,1011,999,1002,1002,0,0,0
16-05-2017,34,40,28,36,36,35,8,6,9,1003.16,1004.57,1006.45,30,21,35,4,5,5,42,43,42,31,30,28,16,11,17,2,4,4,1006,1007,1010,997,999,1002,0,0,0
17-05-2017,32,39,25,34,36,36,8,8,6,1002.55,1003.16,1004.57,27,30,21,6,4,5,40,42,43,28,31,30,14,16,11,5,2,4,1006,1006,1007,997,997,999,0,0,0
18-05-2017,34,40,28,32,34,36,11,8,8,1004.09,1002.55,1003.16,42,27,30,10,6,4,39,40,42,25,28,31,14,14,16,8,5,2,1006,1006,1006,999,997,997,0,0,0
19-05-2017,33,43,23,34,32,34,11,11,8,1004.62,1004.09,1002.55,35,42,27,11,10,6,40,39,40,28,25,28,14,14,14,8,8,5,1009,1006,1006,999,999,997,3,0,0
20-05-2017,34,40,27,33,34,32,14,11,11,1005.81,1004.62,1004.09,61,35,42,4,11,10,43,40,39,23,28,25,19,14,14,2,8,8,1008,1009,1006,999,999,999,0,3,0
21-05-2017,32,40,25,34,33,34,11,14,11,1004.28,1005.81,1004.62,40,61,35,9,4,11,40,43,40,27,23,28,15,19,14,9,2,8,1008,1008,1009,998,999,999,0,0,3
22-05-2017,28,36,21,32,34,33,13,11,14,1003.9,1004.28,1005.81,65,40,61,14,9,4,40,40,43,25,27,23,19,15,19,8,9,2,1010,1008,1008,999,998,999,6,0,0
23-05-2017,32,39,26,28,32,34,14,13,11,1006.55,1003.9,1004.28,73,65,40,16,14,9,36,40,40,21,25,27,18,19,15,10,8,9,1009,1010,1008,997,999,998,0,6,0
24-05-2017,34,41,27,32,28,32,15,14,13,1006.43,1006.55,1003.9,48,73,65,15,16,14,39,36,40,26,21,25,19,18,19,6,10,8,1010,1009,1010,1002,997,999,0,0,6
25-05-2017,34,42,25,34,32,28,15,15,14,1004.76,1006.43,1006.55,55,48,73,19,15,16,41,39,36,27,26,21,19,19,18,10,6,10,1007,1010,1009,1001,1002,997,0,0,0
26-05-2017,36,44,29,34,34,32,14,15,15,1003.35,1004.76,1006.43,48,55,48,10,19,15,42,41,39,25,27,26,19,19,19,9,10,6,1006,1007,1010,998,1001,1002,0,0,0
27-05-2017,38,45,32,36,34,34,13,14,15,1001.26,1003.35,1004.76,43,48,55,6,10,19,44,42,41,29,25,27,18,19,19,7,9,10,1005,1006,1007,995,998,1001,0,0,0
28-05-2017,36,43,30,38,36,34,9,13,14,1000.17,1001.26,1003.35,32,43,48,4,6,10,45,44,42,32,29,25,17,18,19,0,7,9,1003,1005,1006,994,995,998,0,0,0
29-05-2017,28,36,21,36,38,36,15,9,13,999.7,1000.17,1001.26,40,32,43,10,4,6,43,45,44,30,32,29,19,17,18,8,0,7,1003,1003,1005,994,994,995,0,0,0
30-05-2017,31,39,23,28,36,38,19,15,9,1001.1,999.7,1000.17,94,40,32,17,10,4,36,43,45,21,30,32,24,19,17,9,8,0,1006,1003,1003,996,994,994,0,0,0
31-05-2017,30,36,23,31,28,36,19,19,15,999.27,1001.1,999.7,74,94,40,18,17,10,39,36,43,23,21,30,23,24,19,15,9,8,1003,1006,1003,993,996,994,0,0,0
01-06-2017,26,31,20,30,31,28,21,19,19,1000.95,999.27,1001.1,100,74,94,34,18,17,36,39,36,23,23,21,23,23,24,17,15,9,1005,1003,1006,996,993,996,23,0,0
02-06-2017,31,39,23,26,30,31,20,21,19,1004.8,1000.95,999.27,83,100,74,44,34,18,31,36,39,20,23,23,23,23,23,18,17,15,1007,1005,1003,1000,996,993,0,23,0
03-06-2017,36,43,28,31,26,30,21,20,21,1004.37,1004.8,1000.95,100,83,100,21,44,34,39,31,36,23,20,23,24,23,23,17,18,17,1007,1007,1005,1000,1000,996,0,0,23
04-06-2017,36,43,30,36,31,26,15,21,20,1002.17,1004.37,1004.8,62,100,83,8,21,44,43,39,31,28,23,20,23,24,23,7,17,18,1005,1007,1007,996,1000,1000,0,0,0
05-06-2017,37,42,32,36,36,31,16,15,21,1001.83,1002.17,1004.37,51,62,100,10,8,21,43,43,39,30,28,23,22,23,24,12,7,17,1005,1005,1007,997,996,1000,0,0,0
06-06-2017,36,41,31,37,36,36,19,16,15,1001.97,1001.83,1002.17,49,51,62,15,10,8,42,43,43,32,30,28,23,22,23,9,12,7,1005,1005,1005,996,997,996,0,0,0
07-06-2017,32,36,29,36,37,36,19,19,16,1003.7,1001.97,1001.83,52,49,51,18,15,10,41,42,43,31,32,30,24,23,22,17,9,12,1007,1005,1005,999,996,997,0,0,0
08-06-2017,32,37,27,32,36,37,20,19,19,1005.48,1003.7,1001.97,66,52,49,31,18,15,36,41,42,29,31,32,25,24,23,18,17,9,1009,1007,1005,1000,999,996,0,0,0
09-06-2017,30,37,22,32,32,36,18,20,19,1004.62,1005.48,1003.7,66,66,52,22,31,18,37,36,41,27,29,31,22,25,24,14,18,17,1007,1009,1007,1000,1000,999,0,0,0
10-06-2017,32,39,25,30,32,32,20,18,20,1003.76,1004.62,1005.48,94,66,66,21,22,31,37,37,36,22,27,29,23,22,25,17,14,18,1007,1007,1009,998,1000,1000,0,0,0
11-06-2017,30,38,23,32,30,32,17,20,18,1002.33,1003.76,1004.62,74,94,66,13,21,22,39,37,37,25,22,27,23,23,22,10,17,14,1005,1007,1007,997,998,1000,0,0,0
12-06-2017,32,39,25,30,32,30,14,17,20,1001.94,1002.33,1003.76,65,74,94,9,13,21,38,39,37,23,25,22,19,23,23,8,10,17,1005,1005,1007,997,997,998,0,0,0
13-06-2017,32,38,26,32,30,32,15,14,17,1001.6,1001.94,1002.33,61,65,74,13,9,13,39,38,39,25,23,25,19,19,23,9,8,10,1004,1005,1005,996,997,997,0,0,0
14-06-2017,35,41,29,32,32,30,16,15,14,1001.05,1001.6,1001.94,48,61,65,18,13,9,38,39,38,26,25,23,21,19,19,10,9,8,1004,1004,1005,996,996,997,0,0,0
15-06-2017,28,39,18,35,32,32,17,16,15,1003.14,1001.05,1001.6,88,48,61,12,18,13,41,38,39,29,26,25,22,21,19,12,10,9,1006,1004,1004,997,996,996,0,0,0
16-06-2017,32,38,27,28,35,32,20,17,16,1003.52,1003.14,1001.05,83,88,48,30,12,18,39,41,38,18,29,26,22,22,21,13,12,10,1008,1006,1004,997,997,996,0,0,0
17-06-2017,32,38,26,32,28,35,18,20,17,1001.91,1003.52,1003.14,55,83,88,23,30,12,38,39,41,27,18,29,20,22,22,17,13,12,1005,1008,1006,997,997,997,0,0,0
18-06-2017,33,39,27,32,32,28,19,18,20,1002.38,1001.91,1003.52,58,55,83,18,23,30,38,38,39,26,27,18,22,20,22,15,17,13,1004,1005,1008,997,997,997,0,0,0
19-06-2017,35,40,30,33,32,32,19,19,18,1001.49,1002.38,1001.91,59,58,55,23,18,23,39,38,38,27,26,27,22,22,20,17,15,17,1004,1004,1005,996,997,997,0,0,0
20-06-2017,33,39,27,35,33,32,19,19,19,999.46,1001.49,1002.38,49,59,58,21,23,18,40,39,38,30,27,26,22,22,22,17,17,15,1002,1004,1004,994,996,997,0,0,0
21-06-2017,30,36,24,33,35,33,19,19,19,999.92,999.46,1001.49,62,49,59,20,21,23,39,40,39,27,30,27,22,22,22,17,17,17,1003,1002,1004,995,994,996,0,0,0
22-06-2017,27,33,21,30,33,35,18,19,19,1000.83,999.92,999.46,69,62,49,24,20,21,36,39,40,24,27,30,20,22,22,16,17,17,1003,1003,1002,997,995,994,0,0,0
23-06-2017,30,36,25,27,30,33,19,18,19,1002.93,1000.83,999.92,92,69,62,32,24,20,33,36,39,21,24,27,22,20,22,16,16,17,1007,1003,1003,999,997,995,0,0,0
24-06-2017,32,38,26,30,27,30,20,19,18,1002.88,1002.93,1000.83,74,92,69,30,32,24,36,33,36,25,21,24,22,22,20,18,16,16,1022,1007,1003,998,999,997,0,0,0
25-06-2017,35,40,30,32,30,27,20,20,19,999.41,1002.88,1002.93,70,74,92,23,30,32,38,36,33,26,25,21,22,22,22,16,18,16,1002,1022,1007,995,998,999,0,0,0
26-06-2017,34,40,29,35,32,30,21,20,20,998.64,999.41,1002.88,66,70,74,22,23,30,40,38,36,30,26,25,24,22,22,17,16,18,1001,1002,1022,994,995,998,0,0,0
27-06-2017,33,39,27,34,35,32,22,21,20,999.8,998.64,999.41,79,66,70,30,22,23,40,40,38,29,30,26,29,24,22,19,17,16,1002,1001,1002,996,994,995,12,0,0
28-06-2017,28,33,24,33,34,35,23,22,21,1000.41,999.8,998.64,84,79,66,27,30,22,39,40,40,27,29,30,25,29,24,20,19,17,1003,1002,1001,995,996,994,4,12,0
29-06-2017,28,32,23,28,33,34,25,23,22,1000.93,1000.41,999.8,100,84,79,60,27,30,33,39,40,24,27,29,27,25,29,24,20,19,1003,1003,1002,997,995,996,12,4,12
30-06-2017,30,35,25,28,28,33,25,25,23,1000.9,1000.93,1000.41,100,100,84,66,60,27,32,33,39,23,24,27,26,27,25,23,24,20,1003,1003,1003,998,997,995,4,12,4
01-07-2017,30,34,25,30,28,28,25,25,25,998.37,1000.9,1000.93,100,100,100,38,66,60,35,32,33,25,23,24,27,26,27,22,23,24,1001,1003,1003,994,998,997,0,4,12
02-07-2017,30,34,25,30,30,28,25,25,25,997.67,998.37,1000.9,89,100,100,53,38,66,34,35,32,25,25,23,27,27,26,24,22,23,1000,1001,1003,994,994,998,0,0,4
03-07-2017,30,35,26,30,30,30,25,25,25,998.48,997.67,998.37,89,89,100,44,53,38,34,34,35,25,25,25,26,27,27,23,24,22,1001,1000,1001,995,994,994,0,0,0
04-07-2017,30,35,26,30,30,30,25,25,25,999.85,998.48,997.67,89,89,89,40,44,53,35,34,34,26,25,25,27,26,27,20,23,24,1002,1001,1000,996,995,994,0,0,0
05-07-2017,30,34,26,30,30,30,23,25,25,999.69,999.85,998.48,84,89,89,40,40,44,35,35,34,26,26,25,25,27,26,22,20,23,1002,1002,1001,995,996,995,0,0,0
06-07-2017,31,36,26,30,30,30,21,23,25,1000.41,999.69,999.85,79,84,89,36,40,40,34,35,35,26,26,26,23,25,27,20,22,20,1003,1002,1002,997,995,996,0,0,0
07-07-2017,31,36,26,31,30,30,21,21,23,1001.72,1000.41,999.69,74,79,84,31,36,40,36,34,35,26,26,26,23,23,25,19,20,22,1004,1003,1002,998,997,995,0,0,0
08-07-2017,32,38,27,31,31,30,21,21,21,1003.32,1001.72,1000.41,70,74,79,29,31,36,36,36,34,26,26,26,23,23,23,19,19,20,1006,1004,1003,1000,998,997,0,0,0
09-07-2017,33,38,28,32,31,31,20,21,21,1003.08,1003.32,1001.72,62,70,74,27,29,31,38,36,36,27,26,26,22,23,23,19,19,19,1006,1006,1004,999,1000,998,0,0,0
10-07-2017,33,38,28,33,32,31,20,20,21,1001.79,1003.08,1003.32,52,62,70,26,27,29,38,38,36,28,27,26,21,22,23,19,19,19,1005,1006,1006,998,999,1000,0,0,0
11-07-2017,32,36,27,33,33,32,19,20,20,1002.67,1001.79,1003.08,55,52,62,28,26,27,38,38,38,28,28,27,22,21,22,18,19,19,1005,1005,1006,999,998,999,0,0,0
12-07-2017,30,33,26,32,33,33,20,19,20,1002.6,1002.67,1001.79,66,55,52,27,28,26,36,38,38,27,28,28,22,22,21,18,18,19,1005,1005,1005,998,999,998,0,0,0
13-07-2017,30,35,25,30,32,33,23,20,19,1003.25,1002.6,1002.67,84,66,55,46,27,28,33,36,38,26,27,28,25,22,22,19,18,18,1011,1005,1005,1000,998,999,0,0,0
14-07-2017,30,34,26,30,30,32,24,23,20,1001.75,1003.25,1002.6,89,84,66,41,46,27,35,33,36,25,26,27,25,25,22,22,19,18,1004,1011,1005,997,1000,998,0,0,0
15-07-2017,32,37,27,30,30,30,23,24,23,1000.82,1001.75,1003.25,79,89,84,43,41,46,34,35,33,26,25,26,24,25,25,22,22,19,1003,1004,1011,997,997,1000,0,0,0
16-07-2017,30,33,26,32,30,30,24,23,24,1000.77,1000.82,1001.75,95,79,89,33,43,41,37,34,35,27,26,25,28,24,25,21,22,22,1003,1003,1004,996,997,997,11,0,0
17-07-2017,30,34,25,30,32,30,26,24,23,1001.27,1000.77,1000.82,94,95,79,59,33,43,33,37,34,26,27,26,27,28,24,23,21,22,1003,1003,1003,998,996,997,12,11,0
18-07-2017,30,34,26,30,30,32,26,26,24,1001.44,1001.27,1000.77,94,94,95,59,59,33,34,33,37,25,26,27,27,27,28,25,23,21,1003,1003,1003,998,998,996,12,12,11
19-07-2017,31,36,26,30,30,30,26,26,26,1001.63,1001.44,1001.27,94,94,94,56,59,59,34,34,33,26,25,26,27,27,27,23,25,23,1004,1003,1003,997,998,998,0,12,12
20-07-2017,30,34,26,31,30,30,25,26,26,1000.7,1001.63,1001.44,93,94,94,47,56,59,36,34,34,26,26,25,27,27,27,23,23,25,1003,1004,1003,995,997,998,0.4,0,12
21-07-2017,30,34,25,30,31,30,25,25,26,998.82,1000.7,1001.63,89,93,94,49,47,56,34,36,34,26,26,26,26,27,27,24,23,23,1001,1003,1004,994,995,997,0.8,0.4,0
22-07-2017,28,32,24,30,30,31,25,25,25,999.08,998.82,1000.7,94,89,93,59,49,47,34,34,36,25,26,26,26,26,27,24,24,23,1001,1001,1003,996,994,995,14,0.8,0.4
23-07-2017,26,29,24,28,30,30,26,25,25,998.45,999.08,998.82,100,94,89,74,59,49,32,34,34,24,25,26,28,26,26,24,24,24,1000,1001,1001,995,996,994,19,14,0.8
24-07-2017,26,29,23,26,28,30,26,26,25,997.67,998.45,999.08,100,100,94,88,74,59,29,32,34,24,24,25,27,28,26,25,24,24,1000,1000,1001,995,995,996,47,19,14
25-07-2017,24,28,21,26,26,28,25,26,26,997.63,997.67,998.45,100,100,100,74,88,74,29,29,32,23,24,24,27,27,28,24,25,24,999,1000,1000,994,995,995,3,47,19
27-07-2017,28,33,24,24,26,26,24,25,26,998.16,997.63,997.67,100,100,100,69,74,88,28,29,29,21,23,24,25,27,27,23,24,25,1000,999,1000,996,994,995,0,3,47
28-07-2017,28,31,26,28,24,26,24,24,25,1002.22,998.16,997.63,95,100,100,51,69,74,33,28,29,24,21,23,25,25,27,23,23,24,1004,1000,999,998,996,994,0,0,3
29-07-2017,25,27,23,28,28,24,25,24,24,1002.08,1002.22,998.16,95,95,100,62,51,69,31,33,28,26,24,21,27,25,25,23,23,23,1004,1004,1000,998,998,996,10,0,0
30-07-2017,26,28,23,25,28,28,26,25,24,1002.4,1002.08,1002.22,100,95,95,89,62,51,27,31,33,23,26,24,27,27,25,24,23,23,1005,1004,1004,1000,998,998,9,10,0
31-07-2017,26,29,23,26,25,28,25,26,25,1004.2,1002.4,1002.08,100,100,95,89,89,62,28,27,31,23,23,26,27,27,27,24,24,23,1006,1005,1004,1002,1000,998,0.8,9,10
01-08-2017,26,30,23,26,26,25,26,25,26,1004.22,1004.2,1002.4,100,100,100,82,89,89,29,28,27,23,23,23,26,27,27,25,24,24,1008,1006,1005,1001,1002,1000,0.5,0.8,9
02-08-2017,27,31,23,26,26,26,25,26,25,1004.36,1004.22,1004.2,100,100,100,68,82,89,30,29,28,23,23,23,26,26,27,24,25,24,1006,1008,1006,1002,1001,1002,2,0.5,0.8
03-08-2017,26,31,22,27,26,26,24,25,26,1004,1004.36,1004.22,100,100,100,62,68,82,31,30,29,23,23,23,25,26,26,23,24,25,1006,1006,1008,1000,1002,1001,0,2,0.5
04-08-2017,28,32,23,26,27,26,23,24,25,1001.6,1004,1004.36,100,100,100,56,62,68,31,31,30,22,23,23,25,25,26,22,23,24,1004,1006,1006,998,1000,1002,0,0,2
05-08-2017,28,33,23,28,26,27,23,23,24,1000.49,1001.6,1004,94,100,100,49,56,62,32,31,31,23,22,23,24,25,25,21,22,23,1003,1004,1006,998,998,1000,0,0,0
06-08-2017,29,33,25,28,28,26,22,23,23,1001.91,1000.49,1001.6,89,94,100,44,49,56,33,32,31,23,23,22,24,24,25,21,21,22,1004,1003,1004,998,998,998,0,0,0
07-08-2017,29,32,26,29,28,28,23,22,23,1003.15,1001.91,1000.49,79,89,94,46,44,49,33,33,32,25,23,23,25,24,24,22,21,21,1006,1004,1003,1000,998,998,0,0,0
08-08-2017,28,31,24,29,29,28,24,23,22,1004.13,1003.15,1001.91,100,79,89,52,46,44,32,33,33,26,25,23,27,25,24,22,22,21,1006,1006,1004,1000,1000,998,3,0,0
09-08-2017,28,31,24,28,29,29,26,24,23,1004.26,1004.13,1003.15,100,100,79,70,52,46,31,32,33,24,26,25,27,27,25,25,22,22,1006,1006,1006,1000,1000,1000,1,3,0
10-08-2017,28,32,24,28,28,29,25,26,24,1003.51,1004.26,1004.13,100,100,100,71,70,52,31,31,32,24,24,26,26,27,27,24,25,22,1006,1006,1006,1001,1000,1000,4,1,3
11-08-2017,28,33,23,28,28,28,25,25,26,1002.93,1003.51,1004.26,100,100,100,61,71,70,32,31,31,24,24,24,26,26,27,23,24,25,1005,1006,1006,1000,1001,1000,0,4,1
12-08-2017,28,32,24,28,28,28,24,25,25,1002.76,1002.93,1003.51,100,100,100,53,61,71,33,32,31,23,24,24,26,26,26,22,23,24,1004,1005,1006,999,1000,1001,0,0,4
13-08-2017,28,33,24,28,28,28,23,24,25,1002.75,1002.76,1002.93,89,100,100,53,53,61,32,33,32,24,23,24,24,26,26,22,22,23,1005,1004,1005,999,999,1000,0,0,0
14-08-2017,28,32,23,28,28,28,23,23,24,1004.42,1002.75,1002.76,89,89,100,51,53,53,33,32,33,24,24,23,24,24,26,22,22,22,1007,1005,1004,1001,999,999,0,0,0
15-08-2017,29,34,24,28,28,28,23,23,23,1007.07,1004.42,1002.75,100,89,89,52,51,53,32,33,32,23,24,24,25,24,24,21,22,22,1009,1007,1005,1000,1001,999,0,0,0
16-08-2017,30,36,24,29,28,28,23,23,23,1005.86,1007.07,1004.42,83,100,89,46,52,51,34,32,33,24,23,24,24,25,24,21,21,22,1008,1009,1007,1002,1000,1001,0,0,0
17-08-2017,30,36,24,30,29,28,23,23,23,1004.24,1005.86,1007.07,79,83,100,43,46,52,36,34,32,24,24,23,24,24,25,22,21,21,1007,1008,1009,1000,1002,1000,0,0,0
18-08-2017,30,36,24,30,30,29,22,23,23,1002.89,1004.24,1005.86,78,79,83,37,43,46,36,36,34,24,24,24,24,24,24,21,22,21,1005,1007,1008,999,1000,1002,0,0,0
19-08-2017,30,34,26,30,30,30,22,22,23,1002.94,1002.89,1004.24,74,78,79,40,37,43,36,36,36,24,24,24,24,24,24,20,21,22,1005,1005,1007,999,999,1000,1,0,0
20-08-2017,30,35,25,30,30,30,24,22,22,1003.96,1002.94,1002.89,79,74,78,49,40,37,34,36,36,26,24,24,25,24,24,22,20,21,1006,1005,1005,1001,999,999,0,1,0
21-08-2017,30,36,25,30,30,30,25,24,22,1003.76,1003.96,1002.94,94,79,74,41,49,40,35,34,36,25,26,24,26,25,24,22,22,20,1006,1006,1005,999,1001,999,0,0,1
22-08-2017,30,35,25,30,30,30,24,25,24,1002.29,1003.76,1003.96,84,94,79,37,41,49,36,35,34,25,25,26,25,26,25,22,22,22,1005,1006,1006,998,999,1001,0,0,0
23-08-2017,29,34,24,30,30,30,24,24,25,1002.72,1002.29,1003.76,84,84,94,43,37,41,35,36,35,25,25,25,25,25,26,23,22,22,1005,1005,1006,999,998,999,0,0,0
24-08-2017,28,34,22,29,30,30,24,24,24,1005.06,1002.72,1002.29,100,84,84,53,43,37,34,35,36,24,25,25,26,25,25,23,23,22,1007,1005,1005,1002,999,998,49,0,0
25-08-2017,26,29,23,28,29,30,25,24,24,1004.38,1005.06,1002.72,100,100,84,60,53,43,34,34,35,22,24,25,26,26,25,23,23,23,1007,1007,1005,1000,1002,999,0,49,0
26-08-2017,28,32,23,26,28,29,24,25,24,1003.22,1004.38,1005.06,100,100,100,73,60,53,29,34,34,23,22,24,26,26,26,21,23,23,1006,1007,1007,999,1000,1002,23,0,49
27-08-2017,30,33,26,28,26,28,24,24,25,1001.82,1003.22,1004.38,100,100,100,57,73,60,32,29,34,23,23,22,25,26,26,23,21,23,1004,1006,1007,999,999,1000,0,23,0
28-08-2017,28,33,24,30,28,26,25,24,24,1001.64,1001.82,1003.22,100,100,100,49,57,73,33,32,29,26,23,23,26,25,26,23,23,21,1003,1004,1006,997,999,999,0,0,23
29-08-2017,28,31,24,28,30,28,25,25,24,1001.98,1001.64,1001.82,100,100,100,54,49,57,33,33,32,24,26,23,26,26,25,24,23,23,1004,1003,1004,996,997,999,1,0,0
30-08-2017,28,32,23,28,28,30,26,25,25,1001.47,1001.98,1001.64,100,100,100,66,54,49,31,33,33,24,24,26,27,26,26,24,24,23,1003,1004,1003,999,996,997,1,1,0
31-08-2017,27,31,23,28,28,28,25,26,25,1002.58,1001.47,1001.98,100,100,100,64,66,54,32,31,33,23,24,24,26,27,26,24,24,24,1005,1003,1004,999,999,996,0.5,1,1
01-09-2017,26,31,22,27,28,28,25,25,26,1004.9,1002.58,1001.47,100,100,100,61,64,66,31,32,31,23,23,24,27,26,27,23,24,24,1007,1005,1003,1000,999,999,20,0.5,1
02-09-2017,28,32,24,26,27,28,23,25,25,1005.98,1004.9,1002.58,100,100,100,56,61,64,31,31,32,22,23,23,25,27,26,21,23,24,1008,1007,1005,1003,1000,999,0,20,0.5
03-09-2017,26,32,21,28,26,27,23,23,25,1006.16,1005.98,1004.9,100,100,100,50,56,61,32,31,31,24,22,23,25,25,27,22,21,23,1008,1008,1007,1003,1003,1000,1,0,20
04-09-2017,28,34,23,26,28,26,24,23,23,1006.63,1006.16,1005.98,100,100,100,56,50,56,32,32,31,21,24,22,25,25,25,23,22,21,1008,1008,1008,1004,1003,1003,0,1,0
05-09-2017,29,35,23,28,26,28,23,24,23,1008.15,1006.63,1006.16,95,100,100,43,56,50,34,32,32,23,21,24,25,25,25,22,23,22,1011,1008,1008,1004,1004,1003,0,0,1
06-09-2017,29,34,24,29,28,26,22,23,24,1007.9,1008.15,1006.63,83,95,100,40,43,56,35,34,32,23,23,21,23,25,25,21,22,23,1011,1011,1008,1004,1004,1004,0,0,0
07-09-2017,30,34,25,29,29,28,22,22,23,1007.84,1007.9,1008.15,89,83,95,40,40,43,34,35,34,24,23,23,25,23,25,19,21,22,1010,1011,1011,1005,1004,1004,7,0,0
08-09-2017,30,34,25,30,29,29,23,22,22,1008.19,1007.84,1007.9,94,89,83,39,40,40,34,34,35,25,24,23,25,25,23,21,19,21,1011,1010,1011,1005,1005,1004,0,7,0
09-09-2017,30,36,24,30,30,29,22,23,22,1008.49,1008.19,1007.84,89,94,89,37,39,40,34,34,34,25,25,24,24,25,25,20,21,19,1011,1011,1010,1006,1005,1005,0,0,7
10-09-2017,30,36,24,30,30,30,22,22,23,1006.81,1008.49,1008.19,89,89,94,31,37,39,36,34,34,24,25,25,25,24,25,18,20,21,1010,1011,1011,1002,1006,1005,0,0,0
11-09-2017,32,36,27,30,30,30,21,22,22,1007.3,1006.81,1008.49,83,89,89,25,31,37,36,36,34,24,24,25,24,25,24,17,18,20,1010,1010,1011,1004,1002,1006,0,0,0
12-09-2017,29,34,24,32,30,30,21,21,22,1008.85,1007.3,1006.81,70,83,89,30,25,31,36,36,36,27,24,24,24,24,25,19,17,18,1011,1010,1010,1005,1004,1002,0,0,0
13-09-2017,29,35,23,29,32,30,23,21,21,1009.59,1008.85,1007.3,94,70,83,48,30,25,34,36,36,24,27,24,25,24,24,21,19,17,1012,1011,1010,1006,1005,1004,14,0,0
14-09-2017,28,33,23,29,29,32,23,23,21,1009.11,1009.59,1008.85,100,94,70,32,48,30,35,34,36,23,24,27,25,25,24,20,21,19,1012,1012,1011,1005,1006,1005,14,14,0
15-09-2017,30,35,24,28,29,29,23,23,23,1008.59,1009.11,1009.59,100,100,94,44,32,48,33,35,34,23,23,24,25,25,25,21,20,21,1011,1012,1012,1004,1005,1006,0,14,14
16-09-2017,30,34,25,30,28,29,23,23,23,1007.36,1008.59,1009.11,94,100,100,31,44,32,35,33,35,24,23,23,25,25,25,19,21,20,1010,1011,1012,1003,1004,1005,0,0,14
17-09-2017,30,35,24,30,30,28,20,23,23,1006.94,1007.36,1008.59,84,94,100,29,31,44,34,35,33,25,24,23,24,25,25,16,19,21,1009,1010,1011,1002,1003,1004,0,0,0
18-09-2017,30,37,24,30,30,30,18,20,23,1006.69,1006.94,1007.36,78,84,94,22,29,31,35,34,35,24,25,24,22,24,25,13,16,19,1009,1009,1010,1002,1002,1003,0,0,0
19-09-2017,29,37,21,30,30,30,15,18,20,1005.96,1006.69,1006.94,73,78,84,12,22,29,37,35,34,24,24,25,19,22,24,10,13,16,1009,1009,1009,1002,1002,1002,0,0,0
20-09-2017,30,37,24,29,30,30,14,15,18,1005.27,1005.96,1006.69,65,73,78,9,12,22,37,37,35,21,24,24,19,19,22,8,10,13,1008,1009,1009,1000,1002,1002,0,0,0
21-09-2017,30,35,25,30,29,30,15,14,15,1004.83,1005.27,1005.96,65,65,73,11,9,12,37,37,37,24,21,24,23,19,19,8,8,10,1009,1008,1009,1001,1000,1002,0,0,0
22-09-2017,30,34,26,30,30,29,21,15,14,1003.91,1004.83,1005.27,66,65,65,31,11,9,35,37,37,25,24,21,25,23,19,11,8,8,1006,1009,1008,1000,1001,1000,0,0,0
23-09-2017,30,36,24,30,30,30,22,21,15,1004.59,1003.91,1004.83,79,66,65,33,31,11,34,35,37,26,25,24,24,25,23,19,11,8,1006,1006,1009,1001,1000,1001,0,0,0
24-09-2017,30,36,24,30,30,30,19,22,21,1006.91,1004.59,1003.91,78,79,66,18,33,31,36,34,35,24,26,25,22,24,25,13,19,11,1010,1006,1006,1003,1001,1000,0,0,0
25-09-2017,31,36,26,30,30,30,19,19,22,1009.27,1006.91,1004.59,83,78,79,22,18,33,36,36,34,24,24,26,22,22,24,16,13,19,1012,1010,1006,1006,1003,1001,0,0,0
26-09-2017,30,36,25,31,30,30,18,19,19,1008.07,1009.27,1006.91,66,83,78,23,22,18,36,36,36,26,24,24,21,22,22,15,16,13,1011,1012,1010,1004,1006,1003,0,0,0
27-09-2017,32,37,26,30,31,30,17,18,19,1008.52,1008.07,1009.27,65,66,83,19,23,22,36,36,36,25,26,24,20,21,22,13,15,16,1011,1011,1012,1005,1004,1006,0,0,0
28-09-2017,32,37,26,32,30,31,15,17,18,1009.03,1008.52,1008.07,66,65,66,13,19,23,37,36,36,26,25,26,26,20,21,9,13,15,1012,1011,1011,1005,1005,1004,0,0,0
29-09-2017,30,37,24,32,32,30,10,15,17,1007.57,1009.03,1008.52,45,66,65,8,13,19,37,37,36,26,26,25,19,26,20,5,9,13,1011,1012,1011,1004,1005,1005,0,0,0
30-09-2017,31,38,24,30,32,32,10,10,15,1007,1007.57,1009.03,37,45,66,11,8,13,37,37,37,24,26,26,21,19,26,7,5,9,1010,1011,1012,1003,1004,1005,0,0,0
01-10-2017,30,37,23,31,30,32,11,10,10,1009.5,1007,1007.57,50,37,45,8,11,8,38,37,37,24,24,26,19,21,19,6,7,5,1012,1010,1011,1006,1003,1004,0,0,0
02-10-2017,31,38,24,30,31,30,10,11,10,1008.87,1009.5,1007,50,50,37,10,8,11,37,38,37,23,24,24,14,19,21,6,6,7,1013,1012,1010,1005,1006,1003,0,0,0
03-10-2017,32,37,27,31,30,31,10,10,11,1008.38,1008.87,1009.5,42,50,50,11,10,8,38,37,38,24,23,24,13,14,19,5,6,6,1011,1013,1012,1004,1005,1006,0,0,0
04-10-2017,30,37,23,32,31,30,9,10,10,1009.66,1008.38,1008.87,33,42,50,9,11,10,37,38,37,27,24,23,12,13,14,4,5,6,1018,1011,1013,1005,1004,1005,0,0,0
05-10-2017,29,36,22,30,32,31,11,9,10,1010.71,1009.66,1008.38,53,33,42,9,9,11,37,37,38,23,27,24,16,12,13,5,4,5,1013,1018,1011,1006,1005,1004,0,0,0
06-10-2017,30,36,25,29,30,32,12,11,9,1010.68,1010.71,1009.66,53,53,33,12,9,9,36,37,37,22,23,27,17,16,12,10,5,4,1013,1013,1018,1006,1006,1005,0,0,0
07-10-2017,28,36,21,30,29,30,10,12,11,1010.51,1010.68,1010.71,39,53,53,13,12,9,36,36,37,25,22,23,14,17,16,8,10,5,1014,1013,1013,1006,1006,1006,0,0,0
08-10-2017,30,37,22,28,30,29,11,10,12,1009.93,1010.51,1010.68,53,39,53,11,13,12,36,36,36,21,25,22,14,14,17,9,8,10,1013,1014,1013,1005,1006,1006,0,0,0
09-10-2017,30,36,23,30,28,30,11,11,10,1008.76,1009.93,1010.51,57,53,39,10,11,13,37,36,36,22,21,25,17,14,14,7,9,8,1011,1013,1014,1004,1005,1006,0,0,0
10-10-2017,30,37,22,30,30,28,11,11,11,1008.81,1008.76,1009.93,47,57,53,10,10,11,36,37,36,23,22,21,17,17,14,8,7,9,1011,1011,1013,1005,1004,1005,0,0,0
11-10-2017,30,36,23,30,30,30,10,11,11,1008.37,1008.81,1008.76,41,47,57,12,10,10,37,36,37,22,23,22,15,17,17,5,8,7,1011,1011,1011,1004,1005,1004,0,0,0
12-10-2017,29,37,21,30,30,30,12,10,11,1008.29,1008.37,1008.81,53,41,47,9,12,10,36,37,36,23,22,23,19,15,17,6,5,8,1011,1011,1011,1004,1004,1005,0,0,0
13-10-2017,29,36,22,29,30,30,9,12,10,1008.2,1008.29,1008.37,50,53,41,6,9,12,37,36,37,21,23,22,15,19,15,3,6,5,1011,1011,1011,1004,1004,1004,0,0,0
14-10-2017,30,38,22,29,29,30,8,9,12,1006.77,1008.2,1008.29,47,50,53,6,6,9,36,37,36,22,21,23,15,15,19,1,3,6,1010,1011,1011,1002,1004,1004,0,0,0
15-10-2017,30,39,21,30,29,29,5,8,9,1006.89,1006.77,1008.2,46,47,50,4,6,6,38,36,37,22,22,21,12,15,15,-5,1,3,1010,1010,1011,1002,1002,1004,0,0,0
16-10-2017,30,38,21,30,30,29,4,5,8,1007.37,1006.89,1006.77,38,46,47,4,4,6,39,38,36,21,22,22,9,12,15,-3,-5,1,1010,1010,1010,1004,1002,1002,0,0,0
17-10-2017,28,36,19,30,30,30,4,4,5,1008.21,1007.37,1006.89,44,38,46,4,4,4,38,39,38,21,21,22,10,9,12,-8,-3,-5,1011,1010,1010,1004,1004,1002,0,0,0
18-10-2017,28,36,19,28,30,30,4,4,4,1009.56,1008.21,1007.37,40,44,38,4,4,4,36,38,39,19,21,21,13,10,9,-3,-8,-3,1012,1011,1010,1006,1004,1004,0,0,0
19-10-2017,28,35,20,28,28,30,5,4,4,1010.37,1009.56,1008.21,46,40,44,6,4,4,36,36,38,19,19,21,14,13,10,-2,-3,-8,1014,1012,1011,1006,1006,1004,0,0,0
20-10-2017,28,36,21,28,28,28,10,5,4,1010.28,1010.37,1009.56,53,46,40,11,6,4,35,36,36,20,19,19,18,14,13,5,-2,-3,1013,1014,1012,1006,1006,1006,0,0,0
21-10-2017,28,36,21,28,28,28,11,10,5,1009.74,1010.28,1010.37,53,53,46,9,11,6,36,35,36,21,20,19,16,18,14,5,5,-2,1012,1013,1014,1006,1006,1006,0,0,0
22-10-2017,28,36,19,28,28,28,7,11,10,1009.09,1009.74,1010.28,57,53,53,4,9,11,36,36,35,21,21,20,15,16,18,-5,5,5,1012,1012,1013,1004,1006,1006,0,0,0
23-10-2017,26,34,19,28,28,28,3,7,11,1007.93,1009.09,1009.74,46,57,53,6,4,9,36,36,36,19,21,21,10,15,16,-3,-5,5,1010,1012,1012,1004,1004,1006,0,0,0
24-10-2017,27,34,20,26,28,28,2,3,7,1010.07,1007.93,1009.09,43,46,57,6,6,4,34,36,36,19,19,21,9,10,15,-3,-3,-5,1012,1010,1012,1006,1004,1004,0,0,0
25-10-2017,26,34,18,27,26,28,0,2,3,1012.72,1010.07,1007.93,35,43,46,4,6,6,34,34,36,20,19,19,14,9,10,-7,-3,-3,1015,1012,1010,1008,1006,1004,0,0,0
26-10-2017,28,34,21,26,27,26,3,0,2,1014.7,1012.72,1010.07,37,35,43,5,4,6,34,34,34,18,20,19,10,14,9,-3,-7,-3,1018,1015,1012,1004,1008,1006,0,0,0
27-10-2017,26,33,19,28,26,27,4,3,0,1015.29,1014.7,1012.72,41,37,35,4,5,4,34,34,34,21,18,20,12,10,14,-5,-3,-7,1018,1018,1015,1011,1004,1008,0,0,0
28-10-2017,26,34,19,26,28,26,6,4,3,1014.32,1015.29,1014.7,46,41,37,11,4,5,33,34,34,19,21,18,11,12,10,0,-5,-3,1017,1018,1018,1010,1011,1004,0,0,0
29-10-2017,26,34,19,26,26,28,5,6,4,1014.28,1014.32,1015.29,49,46,41,5,11,4,34,33,34,19,19,21,10,11,12,-1,0,-5,1016,1017,1018,1010,1010,1011,0,0,0
30-10-2017,26,33,20,26,26,26,3,5,6,1015.79,1014.28,1014.32,43,49,46,5,5,11,34,34,33,19,19,19,8,10,11,-3,-1,0,1018,1016,1017,1013,1010,1010,0,0,0
31-10-2017,24,32,17,26,26,26,9,3,5,1016.35,1015.79,1014.28,53,43,49,9,5,5,33,34,34,20,19,19,13,8,10,3,-3,-1,1020,1018,1016,1012,1013,1010,0,0,0
01-11-2017,25,33,17,24,26,26,8,9,3,1014.77,1016.35,1015.79,56,53,43,11,9,5,32,33,34,17,20,19,12,13,8,3,3,-3,1017,1020,1018,1011,1012,1013,0,0,0
02-11-2017,25,33,17,25,24,26,6,8,9,1015.5,1014.77,1016.35,57,56,53,7,11,9,33,32,33,17,17,20,12,12,13,0,3,3,1019,1017,1020,1012,1011,1012,0,0,0
03-11-2017,25,33,17,25,25,24,6,6,8,1014.37,1015.5,1014.77,58,57,56,9,7,11,33,33,32,17,17,17,12,12,12,2,0,3,1018,1019,1017,1010,1012,1011,0,0,0
04-11-2017,24,30,18,25,25,25,7,6,6,1014.67,1014.37,1015.5,53,58,57,8,9,7,33,33,33,17,17,17,14,12,12,2,2,0,1017,1018,1019,1011,1010,1012,0,0,0
05-11-2017,25,30,20,24,25,25,12,7,6,1016.1,1014.67,1014.37,60,53,58,20,8,9,30,33,33,18,17,17,16,14,12,10,2,2,1019,1017,1018,1013,1011,1010,0,0,0
06-11-2017,24,30,17,25,24,25,12,12,7,1016.73,1016.1,1014.67,68,60,53,19,20,8,30,30,33,20,18,17,17,16,14,8,10,2,1020,1019,1017,1014,1013,1011,0,0,0
07-11-2017,24,32,16,24,25,24,11,12,12,1016.51,1016.73,1016.1,68,68,60,17,19,20,30,30,30,17,20,18,14,17,16,8,8,10,1019,1020,1019,1013,1014,1013,0,0,0
08-11-2017,23,29,17,24,24,25,9,11,12,1015.29,1016.51,1016.73,63,68,68,13,17,19,32,30,30,16,17,20,13,14,17,6,8,8,1018,1019,1020,1002,1013,1014,0,0,0
09-11-2017,24,31,16,23,24,24,7,9,11,1015.42,1015.29,1016.51,56,63,68,11,13,17,29,32,30,17,16,17,10,13,14,1,6,8,1018,1018,1019,1012,1002,1013,0,0,0
10-11-2017,23,30,16,24,23,24,7,7,9,1014.53,1015.42,1015.29,100,56,63,13,11,13,31,29,32,16,17,16,28,10,13,2,1,6,1017,1018,1018,1011,1012,1002,0,0,0
11-11-2017,22,30,15,23,24,23,6,7,7,1015.25,1014.53,1015.42,52,100,56,10,13,11,30,31,29,16,16,17,11,28,10,2,2,1,1018,1017,1018,1012,1011,1012,0,0,0
12-11-2017,22,31,14,22,23,24,7,6,7,1016.05,1015.25,1014.53,57,52,100,9,10,13,30,30,31,15,16,16,13,11,28,2,2,2,1019,1018,1017,1012,1012,1011,0,0,0
13-11-2017,22,30,14,22,22,23,6,7,6,1013.51,1016.05,1015.25,59,57,52,15,9,10,31,30,30,14,15,16,11,13,11,2,2,2,1017,1019,1018,1009,1012,1012,0,0,0
14-11-2017,22,28,17,22,22,22,7,6,7,1012.56,1013.51,1016.05,59,59,57,12,15,9,30,31,30,14,14,15,8,11,13,5,2,2,1015,1017,1019,1008,1009,1012,0,0,0
15-11-2017,22,28,17,22,22,22,7,7,6,1011,1012.56,1013.51,45,59,59,15,12,15,28,30,31,17,14,14,11,8,11,3,5,2,1014,1015,1017,1007,1008,1009,0,0,0
16-11-2017,22,27,18,22,22,22,9,7,7,1012.75,1011,1012.56,52,45,59,23,15,12,28,28,30,17,17,14,12,11,8,8,3,5,1015,1014,1015,1010,1007,1008,0,0,0
17-11-2017,21,24,18,22,22,22,11,9,7,1014.04,1012.75,1011,56,52,45,30,23,15,27,28,28,18,17,17,13,12,11,10,8,3,1017,1015,1014,1011,1010,1007,0,0,0
18-11-2017,20,24,16,21,22,22,11,11,9,1015.15,1014.04,1012.75,60,56,52,29,30,23,24,27,28,18,18,17,13,13,12,9,10,8,1018,1017,1015,1013,1011,1010,0,0,0
19-11-2017,20,25,15,20,21,22,11,11,11,1016,1015.15,1014.04,72,60,56,27,29,30,24,24,27,16,18,18,13,13,13,9,9,10,1018,1018,1017,1014,1013,1011,0,0,0
20-11-2017,18,25,12,20,20,21,6,11,11,1017.2,1016,1015.15,56,72,60,20,27,29,25,24,24,15,16,18,10,13,13,4,9,9,1019,1018,1018,1015,1014,1013,0,0,0
21-11-2017,18,25,11,18,20,20,1,6,11,1018.55,1017.2,1016,62,56,72,8,20,27,25,25,24,12,15,16,8,10,13,-4,4,9,1021,1019,1018,1016,1015,1014,0,0,0
22-11-2017,18,25,11,18,18,20,0,1,6,1016.75,1018.55,1017.2,47,62,56,9,8,20,25,25,25,11,12,15,5,8,10,-6,-4,4,1019,1021,1019,1014,1016,1015,0,0,0
23-11-2017,18,25,10,18,18,18,-1,0,1,1015.79,1016.75,1018.55,58,47,62,6,9,8,25,25,25,11,11,12,7,5,8,-6,-6,-4,1019,1019,1021,1013,1014,1016,0,0,0
24-11-2017,18,26,10,18,18,18,-2,-1,0,1015.03,1015.79,1016.75,54,58,47,7,6,9,25,25,25,10,11,11,5,7,5,-8,-6,-6,1017,1019,1019,1012,1013,1014,0,0,0
25-11-2017,19,28,10,18,18,18,-1,-2,-1,1016.6,1015.03,1015.79,82,54,58,8,7,6,26,25,25,10,10,11,10,5,7,-6,-8,-6,1019,1017,1019,1014,1012,1013,0,0,0
26-11-2017,20,28,11,19,18,18,-1,-1,-2,1016.86,1016.6,1015.03,54,82,54,9,8,7,28,26,25,10,10,10,5,10,5,-9,-6,-8,1020,1019,1017,1014,1014,1012,0,0,0
27-11-2017,20,29,11,20,19,18,0,-1,-1,1018.02,1016.86,1016.6,54,54,82,7,9,8,28,28,26,11,10,10,5,5,10,-5,-9,-6,1021,1020,1019,1015,1014,1014,0,0,0
28-11-2017,20,29,11,20,20,19,0,0,-1,1015.62,1018.02,1016.86,62,54,54,5,7,9,29,28,28,11,11,10,7,5,5,-7,-5,-9,1018,1021,1020,1012,1015,1014,0,0,0
29-11-2017,20,29,11,20,20,20,1,0,0,1014.79,1015.62,1018.02,54,62,54,6,5,7,29,29,28,11,11,11,8,7,5,-4,-7,-5,1017,1018,1021,1012,1012,1015,0,0,0
30-11-2017,20,28,12,20,20,20,2,1,0,1016.34,1014.79,1015.62,51,54,62,7,6,5,29,29,29,11,11,11,9,8,7,-2,-4,-7,1019,1017,1018,1014,1012,1012,0,0,0
01-12-2017,20,29,12,20,20,20,3,2,1,1016.2,1016.34,1014.79,55,51,54,7,7,6,28,29,29,12,11,11,7,9,8,-1,-2,-4,1018,1019,1017,1013,1014,1012,0,0,0
02-12-2017,20,26,14,20,20,20,4,3,2,1016.12,1016.2,1016.34,51,55,51,10,7,7,29,28,29,12,12,11,7,7,9,0,-1,-2,1018,1018,1019,1013,1013,1014,0,0,0
03-12-2017,19,25,13,20,20,20,3,4,3,1017.29,1016.12,1016.2,45,51,55,14,10,7,26,29,28,14,12,12,7,7,7,0,0,-1,1020,1018,1018,1014,1013,1013,0,0,0
04-12-2017,18,24,12,19,20,20,3,3,4,1017.07,1017.29,1016.12,51,45,51,13,14,10,25,26,29,13,14,12,6,7,7,1,0,0,1020,1020,1018,1014,1014,1013,0,0,0
05-12-2017,18,21,16,18,19,20,5,3,3,1015.63,1017.07,1017.29,58,51,45,18,13,14,24,25,26,12,13,14,8,6,7,3,1,0,1018,1020,1020,1013,1014,1014,0,0,0
06-12-2017,16,20,13,18,18,19,7,5,3,1016,1015.63,1017.07,72,58,51,27,18,13,21,24,25,16,12,13,11,8,6,5,3,1,1018,1018,1020,1014,1013,1014,0,0,0
07-12-2017,18,24,13,16,18,18,9,7,5,1016.39,1016,1015.63,82,72,58,24,27,18,20,21,24,13,16,12,11,11,8,4,5,3,1018,1018,1018,1014,1014,1013,0,0,0
08-12-2017,18,26,10,18,16,18,4,9,7,1016.27,1016.39,1016,77,82,72,11,24,27,24,20,21,13,13,16,11,11,11,-2,4,5,1018,1018,1018,1014,1014,1014,0,0,0
09-12-2017,18,27,10,18,18,16,2,4,9,1016.64,1016.27,1016.39,59,77,82,13,11,24,26,24,20,10,13,13,9,11,11,-3,-2,4,1019,1018,1018,1013,1014,1014,0,0,0
10-12-2017,20,27,12,18,18,18,6,2,4,1016.05,1016.64,1016.27,62,59,77,16,13,11,27,26,24,10,10,13,8,9,11,4,-3,-2,1018,1019,1018,1013,1013,1014,0,0,0
11-12-2017,20,25,14,20,18,18,6,6,2,1015.9,1016.05,1016.64,59,62,59,17,16,13,27,27,26,12,10,10,9,8,9,5,4,-3,1018,1018,1019,1013,1013,1013,0,0,0
12-12-2017,16,20,12,20,20,18,8,6,6,1014.46,1015.9,1016.05,96,59,62,20,17,16,25,27,27,14,12,10,15,9,8,4,5,4,1017,1018,1018,1012,1013,1013,5,0,0
13-12-2017,16,22,9,16,20,20,13,8,6,1016.39,1014.46,1015.9,100,96,59,53,20,17,20,25,27,12,14,12,16,15,9,11,4,5,1018,1017,1018,1014,1012,1013,0,5,0
14-12-2017,16,23,10,16,16,20,9,13,8,1018.02,1016.39,1014.46,100,100,96,20,53,20,22,20,25,9,12,14,15,16,15,0,11,4,1021,1018,1017,1002,1014,1012,0,0,5
15-12-2017,16,23,9,16,16,16,4,9,13,1019.4,1018.02,1016.39,72,100,100,20,20,53,23,22,20,10,9,12,8,15,16,0,0,11,1022,1021,1018,1017,1002,1014,0,0,0
16-12-2017,16,22,10,16,16,16,2,4,9,1020.47,1019.4,1018.02,62,72,100,16,20,20,23,23,22,9,10,9,5,8,15,0,0,0,1023,1022,1021,1016,1017,1002,0,0,0
17-12-2017,16,25,8,16,16,16,-2,2,4,1022.15,1020.47,1019.4,58,62,72,8,16,20,22,23,23,10,9,10,5,5,8,-11,0,0,1024,1023,1022,1020,1016,1017,0,0,0
18-12-2017,18,25,12,16,16,16,-2,-2,2,1023.07,1022.15,1020.47,62,58,62,4,8,16,25,22,23,8,10,9,4,5,5,-11,-11,0,1026,1024,1023,1020,1020,1016,0,0,0
19-12-2017,18,26,10,18,16,16,-2,-2,-2,1021.69,1023.07,1022.15,41,62,58,10,4,8,25,25,22,12,8,10,1,4,5,-7,-11,-11,1024,1026,1024,1012,1020,1020,0,0,0
20-12-2017,19,26,12,18,18,16,2,-2,-2,1021.04,1021.69,1023.07,54,41,62,10,10,4,26,25,25,10,12,8,5,1,4,-3,-7,-11,1023,1024,1026,1018,1012,1020,0,0,0
21-12-2017,19,28,10,19,18,18,4,2,-2,1021.86,1021.04,1021.69,59,54,41,14,10,10,26,26,25,12,10,12,8,5,1,0,-3,-7,1024,1023,1024,1020,1018,1012,0,0,0
22-12-2017,18,25,11,19,19,18,5,4,2,1021.98,1021.86,1021.04,62,59,54,12,14,10,28,26,26,10,12,10,8,8,5,2,0,-3,1025,1024,1023,1019,1020,1018,0,0,0
23-12-2017,18,25,11,18,19,19,5,5,4,1020.4,1021.98,1021.86,72,62,59,13,12,14,25,28,26,11,10,12,9,8,8,0,2,0,1023,1025,1024,1018,1019,1020,0,0,0
24-12-2017,17,25,9,18,18,19,1,5,5,1016.8,1020.4,1021.98,67,72,62,9,13,12,25,25,28,11,11,10,6,9,8,-6,0,2,1019,1023,1025,1014,1018,1019,0,0,0
25-12-2017,18,25,10,17,18,18,3,1,5,1016.19,1016.8,1020.4,54,67,72,14,9,13,25,25,25,9,11,11,6,6,9,1,-6,0,1018,1019,1023,1014,1014,1018,0,0,0
26-12-2017,18,25,10,18,17,18,3,3,1,1018.24,1016.19,1016.8,71,54,67,13,14,9,25,25,25,10,9,11,8,6,6,-3,1,-6,1021,1018,1019,1016,1014,1014,0,0,0
27-12-2017,17,25,9,18,18,17,4,3,3,1019,1018.24,1016.19,72,71,54,15,13,14,25,25,25,10,10,9,8,8,6,1,-3,1,1021,1021,1018,1017,1016,1014,0,0,0
28-12-2017,17,25,9,17,18,18,4,4,3,1017.88,1019,1018.24,71,72,71,15,15,13,25,25,25,9,10,10,7,8,8,1,1,-3,1021,1021,1021,1016,1017,1016,0,0,0
29-12-2017,18,25,10,17,17,18,3,4,4,1017.33,1017.88,1019,75,71,72,12,15,15,25,25,25,9,9,10,10,7,8,0,1,1,1020,1021,1021,1015,1016,1017,0,0,0
30-12-2017,16,24,9,18,17,17,4,3,4,1017.63,1017.33,1017.88,66,75,71,11,12,15,25,25,25,10,9,9,8,10,7,-1,0,1,1020,1020,1021,1015,1015,1016,0,0,0
31-12-2017,16,22,9,16,18,17,5,4,3,1017.87,1017.63,1017.33,67,66,75,18,11,12,24,25,25,9,10,9,7,8,10,2,-1,0,1021,1020,1020,1015,1015,1015,0,0,0
01-01-2018,16,23,8,16,16,18,5,5,4,1016.41,1017.87,1017.63,67,67,66,22,18,11,22,24,25,9,9,10,8,7,8,2,2,-1,1019,1021,1020,1013,1015,1015,0,0,0
02-01-2018,14,22,7,16,16,16,4,5,5,1014.17,1016.41,1017.87,87,67,67,16,22,18,23,22,24,8,9,9,9,8,7,-4,2,2,1017,1019,1021,1012,1013,1015,0,0,0
03-01-2018,14,23,6,14,16,16,4,4,5,1014.83,1014.17,1016.41,93,87,67,21,16,22,22,23,22,7,8,9,9,9,8,1,-4,2,1017,1017,1019,1004,1012,1013,0,0,0
04-01-2018,16,22,10,14,14,16,2,4,4,1016.09,1014.83,1014.17,81,93,87,13,21,16,23,22,23,6,7,8,6,9,9,-3,1,-4,1019,1017,1017,1014,1004,1012,0,0,0
05-01-2018,15,23,7,16,14,14,2,2,4,1015.52,1016.09,1014.83,70,81,93,17,13,21,22,23,22,10,6,7,6,6,9,-2,-3,1,1018,1019,1017,1013,1014,1004,0,0,0
06-01-2018,16,24,8,15,16,14,4,2,2,1014.7,1015.52,1016.09,76,70,81,15,17,13,23,22,23,7,10,6,7,6,6,0,-2,-3,1017,1018,1019,1013,1013,1014,0,0,0
07-01-2018,14,22,7,16,15,16,6,4,2,1014.48,1014.7,1015.52,93,76,70,23,15,17,24,23,22,8,7,10,8,7,6,2,0,-2,1016,1017,1018,1012,1013,1013,0,0,0
08-01-2018,15,23,7,14,16,15,1,6,4,1015.68,1014.48,1014.7,67,93,76,12,23,15,22,24,23,7,8,7,6,8,7,-4,2,0,1018,1016,1017,1014,1012,1013,0,0,0
09-01-2018,15,24,6,15,14,16,0,1,6,1017.44,1015.68,1014.48,66,67,93,8,12,23,23,22,24,7,7,8,4,6,8,-6,-4,2,1020,1018,1016,1016,1014,1012,0,0,0
10-01-2018,16,24,7,15,15,14,1,0,1,1019.72,1017.44,1015.68,66,66,67,12,8,12,24,23,22,6,7,7,6,4,6,-2,-6,-4,1022,1020,1018,1018,1016,1014,0,0,0
11-01-2018,16,24,8,16,15,15,0,1,0,1019.8,1019.72,1017.44,71,66,66,12,12,8,24,24,23,7,6,7,6,6,4,-6,-2,-6,1022,1022,1020,1017,1018,1016,0,0,0
12-01-2018,16,24,9,16,16,15,-2,0,1,1018.5,1019.8,1019.72,62,71,66,8,12,12,24,24,24,8,7,6,4,6,6,-6,-6,-2,1021,1022,1022,1016,1017,1018,0,0,0
13-01-2018,19,26,12,16,16,16,0,-2,0,1017,1018.5,1019.8,48,62,71,10,8,12,24,24,24,9,8,7,5,4,6,-4,-6,-6,1019,1021,1022,1015,1016,1017,0,0,0
14-01-2018,18,26,10,19,16,16,3,0,-2,1016.69,1017,1018.5,51,48,62,12,10,8,26,24,24,12,9,8,7,5,4,0,-4,-6,1019,1019,1021,1013,1015,1016,0,0,0
15-01-2018,16,25,8,18,19,16,3,3,0,1016.75,1016.69,1017,66,51,48,12,12,10,26,26,24,10,12,9,6,7,5,1,0,-4,1019,1019,1019,1014,1013,1015,0,0,0
16-01-2018,16,26,7,16,18,19,-1,3,3,1017.23,1016.75,1016.69,66,66,51,6,12,12,25,26,26,8,10,12,6,6,7,-9,1,0,1020,1019,1019,1014,1014,1013,0,0,0
17-01-2018,18,26,10,16,16,18,-3,-1,3,1014.85,1017.23,1016.75,53,66,66,8,6,12,26,25,26,7,8,10,8,6,6,-11,-9,1,1018,1020,1019,1012,1014,1014,0,0,0
18-01-2018,20,27,12,18,16,16,1,-3,-1,1014.38,1014.85,1017.23,44,53,66,12,8,6,26,26,25,10,7,8,7,8,6,-10,-11,-9,1017,1018,1020,1012,1012,1014,0,0,0
19-01-2018,19,27,11,20,18,16,6,1,-3,1015.9,1014.38,1014.85,55,44,53,15,12,8,27,26,26,12,10,7,9,7,8,4,-10,-11,1018,1017,1018,1012,1012,1012,0,0,0
20-01-2018,17,24,10,19,20,18,6,6,1,1016.6,1015.9,1014.38,72,55,44,11,15,12,27,27,26,11,12,10,11,9,7,2,4,-10,1019,1018,1017,1014,1012,1012,0,0,0
21-01-2018,16,25,8,17,19,20,3,6,6,1016.33,1016.6,1015.9,88,72,55,9,11,15,24,27,27,10,11,12,10,11,9,-9,2,4,1019,1019,1018,1013,1014,1012,0,0,0
22-01-2018,18,25,10,16,17,19,2,3,6,1014.96,1016.33,1016.6,58,88,72,12,9,11,25,24,27,8,10,11,6,10,11,-2,-9,2,1018,1019,1019,1012,1013,1014,0,0,0
23-01-2018,18,24,12,18,16,17,6,2,3,1012.95,1014.96,1016.33,58,58,88,21,12,9,25,25,24,10,8,10,10,6,10,4,-2,-9,1016,1018,1019,1009,1012,1013,0,0,0
24-01-2018,16,21,10,18,18,16,6,6,2,1010.57,1012.95,1014.96,72,58,58,11,21,12,24,25,25,12,10,8,11,10,6,-2,4,-2,1013,1016,1018,1008,1009,1012,2,0,0
25-01-2018,15,23,7,16,18,18,7,6,6,1013.95,1010.57,1012.95,100,72,58,26,11,21,21,24,25,10,12,10,11,11,10,3,-2,4,1016,1013,1016,1010,1008,1009,0,2,0
26-01-2018,16,25,8,15,16,18,6,7,6,1013.74,1013.95,1010.57,100,100,72,13,26,11,23,21,24,7,10,12,11,11,11,-3,3,-2,1016,1016,1013,1011,1010,1008,0,0,2
27-01-2018,17,25,9,16,15,16,2,6,7,1013.95,1013.74,1013.95,82,100,100,8,13,26,25,23,21,8,7,10,7,11,11,-5,-3,3,1016,1016,1016,1011,1011,1010,0,0,0
28-01-2018,18,26,9,17,16,15,5,2,6,1014.11,1013.95,1013.74,88,82,100,8,8,13,25,25,23,9,8,7,11,7,11,-3,-5,-3,1016,1016,1016,1011,1011,1011,0,0,0
29-01-2018,18,27,10,18,17,16,5,5,2,1014.88,1014.11,1013.95,82,88,82,14,8,8,26,25,25,9,9,8,9,11,7,-1,-3,-5,1018,1016,1016,1012,1011,1011,0,0,0
30-01-2018,20,29,11,18,18,17,4,5,5,1016.74,1014.88,1014.11,67,82,88,12,14,8,27,26,25,10,9,9,9,9,11,-1,-1,-3,1020,1018,1016,1014,1012,1011,0,0,0
31-01-2018,22,28,16,20,18,18,3,4,5,1017.14,1016.74,1014.88,68,67,82,9,12,14,29,27,26,11,10,9,9,9,9,-3,-1,-1,1020,1020,1018,1013,1014,1012,0,0,0
01-02-2018,20,29,12,22,20,18,3,3,4,1016.22,1017.14,1016.74,45,68,67,9,9,12,28,29,27,16,11,10,5,9,9,-1,-3,-1,1019,1020,1020,1013,1013,1014,0,0,0
02-02-2018,20,28,13,20,22,20,3,3,3,1015.6,1016.22,1017.14,59,45,68,9,9,9,29,28,29,12,16,11,8,5,9,-1,-1,-3,1019,1019,1020,1012,1013,1013,0,0,0
03-02-2018,20,26,15,20,20,22,5,3,3,1013.25,1015.6,1016.22,55,59,45,11,9,9,28,29,28,13,12,16,9,8,5,1,-1,-1,1015,1019,1019,1010,1012,1013,0,0,0
04-02-2018,18,25,11,20,20,20,2,5,3,1015.7,1013.25,1015.6,63,55,59,10,11,9,26,28,29,15,13,12,10,9,8,-3,1,-1,1018,1015,1019,1013,1010,1012,0,0,0
05-02-2018,17,24,10,18,20,20,-1,2,5,1016.81,1015.7,1013.25,51,63,55,7,10,11,25,26,28,11,15,13,3,10,9,-8,-3,1,1020,1018,1015,1014,1013,1010,0,0,0
06-02-2018,18,23,14,17,18,20,0,-1,2,1018.47,1016.81,1015.7,47,51,63,11,7,10,24,25,26,10,11,15,2,3,10,-3,-8,-3,1021,1020,1018,1016,1014,1013,0,0,0
07-02-2018,18,25,11,18,17,18,-2,0,-1,1018.53,1018.47,1016.81,39,47,51,9,11,7,23,24,25,14,10,11,3,2,3,-7,-3,-8,1021,1021,1020,1016,1016,1014,0,0,0
08-02-2018,18,25,10,18,18,17,-3,-2,0,1015.73,1018.53,1018.47,49,39,47,7,9,11,25,23,24,11,14,10,5,3,2,-10,-7,-3,1018,1021,1021,1012,1016,1016,0,0,0
09-02-2018,18,26,10,18,18,18,-1,-3,-2,1014.17,1015.73,1018.53,44,49,39,10,7,9,25,25,23,10,11,14,3,5,3,-2,-10,-7,1017,1018,1021,1011,1012,1016,0,0,0
10-02-2018,18,26,11,18,18,18,-1,-1,-3,1014.36,1014.17,1015.73,50,44,49,9,10,7,26,25,25,10,10,11,3,3,5,-7,-2,-10,1017,1017,1018,1010,1011,1012,0,0,0
11-02-2018,19,23,15,18,18,18,1,-1,-1,1015.86,1014.36,1014.17,41,50,44,11,9,10,26,26,25,11,10,10,5,3,3,-2,-7,-2,1019,1017,1017,1013,1010,1011,0,0,0
12-02-2018,18,25,12,19,18,18,5,1,-1,1014.7,1015.86,1014.36,55,41,50,18,11,9,23,26,26,15,11,10,8,5,3,2,-2,-7,1017,1019,1017,1012,1013,1010,0,0,0
13-02-2018,19,25,13,18,19,18,7,5,1,1016.98,1014.7,1015.86,94,55,41,12,18,11,25,23,26,12,15,11,15,8,5,0,2,-2,1021,1017,1019,1014,1012,1013,0,0,0
14-02-2018,18,24,11,19,18,19,8,7,5,1022.53,1016.98,1014.7,100,94,55,12,12,18,25,25,23,13,12,15,14,15,8,-1,0,2,1025,1021,1017,1020,1014,1012,0,0,0
15-02-2018,18,26,11,18,19,18,3,8,7,1023.43,1022.53,1016.98,54,100,94,16,12,12,24,25,25,11,13,12,6,14,15,-4,-1,0,1026,1025,1021,1020,1020,1014,0,0,0
16-02-2018,22,27,16,18,18,19,5,3,8,1021.68,1023.43,1022.53,67,54,100,16,16,12,26,24,25,11,11,13,8,6,14,4,-4,-1,1024,1026,1025,1018,1020,1020,0,0,0
17-02-2018,22,29,16,22,18,18,6,5,3,1019.24,1021.68,1023.43,63,67,54,13,16,16,27,26,24,16,11,11,10,8,6,2,4,-4,1023,1024,1026,1015,1018,1020,0,0,0
18-02-2018,21,29,13,22,22,18,5,6,5,1014.3,1019.24,1021.68,55,63,67,8,13,16,29,27,26,16,16,11,10,10,8,-1,2,4,1017,1023,1024,1010,1015,1018,0,0,0
19-02-2018,22,29,14,21,22,22,4,5,6,1013,1014.3,1019.24,67,55,63,7,8,13,29,29,27,13,16,16,9,10,10,-3,-1,2,1015,1017,1023,1010,1010,1015,0,0,0
20-02-2018,23,31,15,22,21,22,5,4,5,1014.55,1013,1014.3,55,67,55,11,7,8,29,29,29,14,13,16,8,9,10,2,-3,-1,1017,1015,1017,1012,1010,1010,0,0,0
21-02-2018,24,33,15,23,22,21,4,5,4,1014.24,1014.55,1013,48,55,67,10,11,7,31,29,29,15,14,13,10,8,9,0,2,-3,1017,1017,1015,1011,1012,1010,0,0,0
22-02-2018,25,33,17,24,23,22,7,4,5,1012.06,1014.24,1014.55,56,48,55,12,10,11,33,31,29,15,15,14,14,10,8,3,0,2,1015,1017,1017,1008,1011,1012,0,0,0
23-02-2018,25,33,17,25,24,23,7,7,4,1010.97,1012.06,1014.24,52,56,48,9,12,10,33,33,31,17,15,15,12,14,10,3,3,0,1014,1015,1017,1007,1008,1011,0,0,0
24-02-2018,26,33,18,25,25,24,6,7,7,1010.82,1010.97,1012.06,59,52,56,7,9,12,33,33,33,17,17,15,12,12,14,0,3,3,1013,1014,1015,1007,1007,1008,0,0,0
25-02-2018,25,30,20,26,25,25,7,6,7,1013,1010.82,1010.97,52,59,52,15,7,9,33,33,33,18,17,17,11,12,12,3,0,3,1015,1013,1014,1009,1007,1007,0,0,0
26-02-2018,22,31,14,25,26,25,6,7,6,1016.37,1013,1010.82,46,52,59,9,15,7,30,33,33,20,18,17,13,11,12,-1,3,0,1020,1015,1013,1013,1009,1007,0,0,0
27-02-2018,24,32,16,22,25,26,7,6,7,1015.75,1016.37,1013,63,46,52,10,9,15,31,30,33,14,20,18,13,13,11,3,-1,3,1018,1020,1015,1011,1013,1009,0,0,0
28-02-2018,25,32,18,24,22,25,8,7,6,1014.42,1015.75,1016.37,52,63,46,13,10,9,32,31,30,16,14,20,13,13,13,6,3,-1,1017,1018,1020,1010,1011,1013,0,0,0
01-03-2018,27,34,20,25,24,22,10,8,7,1014.07,1014.42,1015.75,64,52,63,20,13,10,32,32,31,18,16,14,14,13,13,7,6,3,1017,1017,1018,1010,1010,1011,0,0,0
02-03-2018,26,33,20,27,25,24,10,10,8,1012.18,1014.07,1014.42,57,64,52,12,20,13,34,32,32,20,18,16,16,14,13,5,7,6,1015,1017,1017,1008,1010,1010,0,0,0
03-03-2018,26,34,19,26,27,25,6,10,10,1011.18,1012.18,1014.07,53,57,64,11,12,20,33,34,32,20,20,18,12,16,14,3,5,7,1014,1015,1017,1007,1008,1010,0,0,0
04-03-2018,25,32,18,26,26,27,4,6,10,1009.23,1011.18,1012.18,49,53,57,5,11,12,34,33,34,19,20,20,9,12,16,-3,3,5,1017,1014,1015,1005,1007,1008,0,0,0
05-03-2018,23,30,16,25,26,26,8,4,6,1010.19,1009.23,1011.18,49,49,53,16,5,11,32,34,33,18,19,20,11,9,12,2,-3,3,1018,1017,1014,1007,1005,1007,0,0,0
06-03-2018,22,29,15,23,25,26,7,8,4,1013.96,1010.19,1009.23,100,49,49,11,16,5,30,32,34,16,18,19,13,11,9,0,2,-3,1017,1018,1017,1011,1007,1005,0,0,0
07-03-2018,24,32,15,22,23,25,4,7,8,1015.39,1013.96,1010.19,48,100,49,6,11,16,29,30,32,15,16,18,9,13,11,-3,0,2,1018,1017,1018,1012,1011,1007,0,0,0
08-03-2018,24,32,15,24,22,23,2,4,7,1014.07,1015.39,1013.96,55,48,100,5,6,11,32,29,30,15,15,16,8,9,13,-6,-3,0,1017,1018,1017,1011,1012,1011,0,0,0
09-03-2018,26,33,19,24,24,22,1,2,4,1014.41,1014.07,1015.39,42,55,48,7,5,6,32,32,29,15,15,15,5,8,9,-5,-6,-3,1017,1017,1018,1011,1011,1012,0,0,0
10-03-2018,26,34,19,26,24,24,3,1,2,1014.16,1014.41,1014.07,37,42,55,8,7,5,33,32,32,19,15,15,6,5,8,-1,-5,-6,1017,1017,1017,1009,1011,1011,0,0,0
11-03-2018,26,34,18,26,26,24,4,3,1,1013.76,1014.16,1014.41,38,37,42,6,8,7,34,33,32,19,19,15,8,6,5,0,-1,-5,1017,1017,1017,1009,1009,1011,0,0,0
